Workbook

Sheet C1019
W1: PAGE 1 OF 5
J4: HULL NO: | M4: C1019
I5: CUST REF:
C7: RESPONSIBILITY: | M7: ARL. Van Veen
AB8: Total | AC8: =MAX($C$10:C274)+1 -> 91
B9: COMMISSIONING DEFECTS Launch Date : | V9: TASK / JOB | W9: REPR BY (NAME) | X9: COMPL DT | Y9: T/L Sign | Z9: CE SIGN-OFF | AB9: Elec | AC9: =COUNTIF(V:V,"ELEC") -> 45
D10: SALOON | AB10: Plum | AC10: =COUNTIF(V:V,"PLUM") -> 25
C11: 1 | D11: inverter alarm not working | V11: ELEC | AB11: Mech | AC11: =COUNTIF(V:V,"MECH") -> 6
C12: 2 | D12: Autopilot motor Cross Wired | V12: ELEC | AB12: Other | AC12: =AC8-AC9-AC10-AC11 -> 15
C13: 3 | D13: mast wiring incomplete | V13: ELEC
C14: 4 | D14: deck light not working | V14: ELEC
C15: 5 | D15: incorrectly labeled acdc panel | V15: ELEC
C16: 6 | D16: missing deck wash label | V16: ELEC
C17: 7 | D17: multimeters freezing and needs to be updated | V17: ELEC
C18: 8 | D18: incorrect jump on shore 1 at acdc | V18: ELEC
C19: 9 | D19: dual shore power breaker light is wired on wrong side | V19: ELEC
C20: 10 | D20: TV lock pins incorrectly installed | V20: CARP
C21: 11 | D21: ACDC panel covers not fitted | V21: ELEC
C22: 12 | D22: bilge alarm panel not mounted | V22: ELEC
C23: 13 | D23: Incorrectly wired AC multimeter. Should measure genset and shore 1 not shore 2 | V23: ELEC
C24: 14 | D24: ACU ground wire not pulled through | V24: ELEC
... C35: 25 | D35: missing breaker labels on saloon DB | V35: ELEC
C49: =IF(ISTEXT(#REF!),MAX($C$10:C49)+1,"")
C50: =IF(ISTEXT(D50),MAX($C$10:C49)+1,"")
C51: =IF(ISTEXT(D51),MAX($C$10:C50)+1,"")
C52: =IF(ISTEXT(D52),MAX($C$10:C51)+1,"")
C53: =IF(ISTEXT(D53),MAX($C$10:C52)+1,"")
B54: The Commissioning Engineer has to list all defects found on the boat after launch within 24hrs.
B56: DATE: | K56: =TODAY() -> 45832
B58: COMMISSIONING ENGINEER: | K58: =$M$7 -> ARL. Van Veen | S58: SIGNATURE:
E60: 24. COMMISSIONING EXCEPTION SHEET | W60: Page 2 of 5
J63: HULL NO: | M63: =M4 -> C1019
I64: CUST REF:
C66: RESPONSIBILITY: | M66: ARL. Van Veen
B68: COMMISSIONING DEFECTS | V68: TASK / JOB | W68: REPR BY (NAME) | X68: COMPL DT | Y68: T/L Sign | Z68: CE SIGN-OFF
D69: STBD AFT CABIN AND HEADS
C70: =IF(ISTEXT(D70),MAX($C$10:C69)+1,"") -> 26 | D70: water pipe running over steering pulleys | V70: PLUM
C71: =IF(ISTEXT(D71),MAX($C$10:C70)+1,"") -> 27 | D71: outboard AC outlet is upside down | V71: CARP
C72: =IF(ISTEXT(D72),MAX($C$10:C71)+1,"") -> 28 | D72: untidy morse control cables inboard | V72: MECH
C73: =IF(ISTEXT(D73),MAX($C$10:C72)+1,"") -> 29 | D73: shower hot water kinked | V73: PLUM
C74: =IF(ISTEXT(D74),MAX($C$10:C73)+1,"") -> 30 | D74: toilet pipes not cradled | V74: PLUM
C75: =IF(ISTEXT(D75),MAX($C$10:C74)+1,"") -> 31 | D75: wires covering toilet anti-syphen | V75: ELEC
C76: =IF(ISTEXT(D76),MAX($C$10:C75)+1,"") -> 32 | D76: aircon drain too long | V76: PLUM
C77: =IF(ISTEXT(D77),MAX($C$10:C76)+1,"") -> 33 | D77: water heater drain not cradled | V77: PLUM
C78: =IF(ISTEXT(D78),MAX($C$10:C77)+1,"") -> 34 | D78: Toilet Seat Loose | V78: PLUM
C79: =IF(ISTEXT(D79),MAX($C$10:C78)+1,"") -> 35 | D79: Toilet Base Loose | V79: PLUM
C80: =IF(ISTEXT(D80),MAX($C$10:C79)+1,"") -> 36 | D80: Basin Mixer Loose | V80: PLUM
C81: =IF(ISTEXT(D81),MAX($C$10:C80)+1,"") -> 37 | D81: leak on waste tank | V81: PLUM
C82: =IF(ISTEXT(D82),MAX($C$10:C81)+1,"")
C83: =IF(ISTEXT(D83),MAX($C$10:C82)+1,"")
C84: =IF(ISTEXT(D84),MAX($C$10:C83)+1,"")
C85: =IF(ISTEXT(D85),MAX($C$10:C84)+1,"")
C86: =IF(ISTEXT(D86),MAX($C$10:C85)+1,"")
C87: =IF(ISTEXT(D87),MAX($C$10:C86)+1,"")
C88: =IF(ISTEXT(D88),MAX($C$10:C87)+1,"")
C89: =IF(ISTEXT(D89),MAX($C$10:C88)+1,"")
C90: =IF(ISTEXT(D90),MAX($C$10:C89)+1,"")
C91: =IF(ISTEXT(D91),MAX($C$10:C90)+1,"")
D92: STBD FWD CABIN AND HEADS
C93: =IF(ISTEXT(D93),MAX($C$10:C92)+1,"") -> 38 | D93: CO sensor not working | V93: ELEC
C94: =IF(ISTEXT(D94),MAX($C$10:C93)+1,"") -> 39 | D94: bad duckting inboard | V94: PLUM
C95: =IF(ISTEXT(D95),MAX($C$10:C94)+1,"") -> 40 | D95: depth transducer wire not cradled | V95: ELEC
C96: =IF(ISTEXT(D96),MAX($C$10:C95)+1,"") -> 41 | D96: Shower Leaking Into Bilge | V96: CARP/PLUM
C97: =IF(ISTEXT(D97),MAX($C$10:C96)+1,"") -> 42 | D97: basin not properly draining (water collects in corner) | V97: FA
C98: =IF(ISTEXT(D98),MAX($C$10:C97)+1,"") -> 43 | D98: depth transducer label missing | V98: PLUM
C99: =IF(ISTEXT(D99),MAX($C$10:C98)+1,"") -> 44 | D99: Toilet Seat Loose | V99: PLUM
C100: =IF(ISTEXT(D100),MAX($C$10:C99)+1,"") -> 45 | D100: Toilet Base Loose | V100: PLUM
C101: =IF(ISTEXT(D101),MAX($C$10:C100)+1,"") -> 46 | D101: basin mixer loose | V101: PLUM
C102: =IF(ISTEXT(D102),MAX($C$10:C101)+1,"") -> 47 | D102: loose pipes in bilge | V102: PLUM
C103: =IF(ISTEXT(D103),MAX($C$10:C102)+1,"")
C104: =IF(ISTEXT(D104),MAX($C$10:C103)+1,"")
C105: =IF(ISTEXT(D105),MAX($C$10:C104)+1,"")
C106: =IF(ISTEXT(D106),MAX($C$10:C105)+1,"")
B107: The Commissioning Engineer has to list all defects found on the boat after launch within 24hrs
B109: DATE: | K109: =$K$56 -> 45832
B111: COMMISSIONING ENGINEER: | K111: =$M$7 -> ARL. Van Veen | S111: SIGNATURE:
E114: 24. COMMISSIONING EXCEPTION SHEET | W114: PAGE 3 OF 5
J117: HULL NO: | M117: =M4 -> C1019
I118: CUST REF:
C120: RESPONSIBILITY: | M120: ARL. Van Veen
B122: COMMISSIONING DEFECTS | V122: TASK / JOB | W122: REPR BY (NAME) | X122: COMPL DT | Y122: T/L Sign | Z122: CE SIGN-OFF
D123: PORT FWD CABIN & Heads
C124: =IF(ISTEXT(D124),MAX($C$10:C123)+1,"") -> 48 | D124: wireless charger wire not strapped | V124: ELEC
C125: =IF(ISTEXT(D125),MAX($C$10:C124)+1,"") -> 49 | D125: speed transducer wire not cradled | V125: ELEC
C126: =IF(ISTEXT(D126),MAX($C$10:C125)+1,"") -> 50 | D126: speed transducer missing label | V126: PLUM
C127: =IF(ISTEXT(D127),MAX($C$10:C126)+1,"")
C128: =IF(ISTEXT(D128),MAX($C$10:C127)+1,"")
C129: =IF(ISTEXT(D129),MAX($C$10:C128)+1,"")
C130: =IF(ISTEXT(D130),MAX($C$10:C129)+1,"")
C131: =IF(ISTEXT(D131),MAX($C$10:C130)+1,"")
C132: =IF(ISTEXT(D132),MAX($C$10:C131)+1,"")
C133: =IF(ISTEXT(D133),MAX($C$10:C132)+1,"")
C134: =IF(ISTEXT(D134),MAX($C$10:C133)+1,"")
C135: =IF(ISTEXT(D135),MAX($C$10:C134)+1,"")
C136: =IF(ISTEXT(D136),MAX($C$10:C135)+1,"")
C137: =IF(ISTEXT(D137),MAX($C$10:C136)+1,"")
D139: PORT AFT CABIN & Heads
C140: =IF(ISTEXT(D140),MAX($C$10:C139)+1,"") -> 51 | D140: duckting not neat | V140: PLUM
C141: =IF(ISTEXT(D141),MAX($C$10:C140)+1,"") -> 52 | D141: isolator switch mounted skew | V141: CARP
C142: =IF(ISTEXT(D142),MAX($C$10:C141)+1,"") -> 53 | D142: remove plastic in inverter fans | V142: ELEC
...

Sheet C1018
W1: PAGE 1 OF 5
J4: HULL NO: | M4: C1018
I5: CUST REF:
C7: RESPONSIBILITY: | M7: ARL. Van Veen
AB8: Total | AC8: =MAX($C$10:C274)+1 -> 106
B9: COMMISSIONING DEFECTS Launch Date : | V9: TASK / JOB | W9: REPR BY (NAME) | X9: COMPL DT | Y9: T/L Sign | Z9: CE SIGN-OFF | AB9: Elec | AC9: =COUNTIF(V:V,"ELEC") -> 0
D10: SALOON | AB10: Plum | AC10: =COUNTIF(V:V,"PLUM") -> 0
C11: 1 | D11: saloon fridge not cooling | AB11: Mech | AC11: =COUNTIF(V:V,"MECH") -> 0
C12: 2 | D12: Nmma Label Needs To Be Mounted | AB12: Other | AC12: =AC8-AC9-AC10-AC11 -> 106
C13: 3 | D13: genset volts and hertz not correctly set
C14: 4 | D14: genset transfer breaker light not going on
C15: 5 | D15: mast wiring needs to be done
C16: 6 | D16: Saloon Door Needs To Be Set
C17: 7 | D17: missing clamp for fridge drain pipe
C18: 8 | D18: Oven cluster not working
C19: 9 | D19: bilge alarm panel not mounted
C20: 10 | D20: Saloon Clear Plastic Db Cover Not Mounted
C21: 11 | D21: Fire Blanket Not Fitted (Sf)
C22: 12 | D22: Co2 Sensor Not Mounted
C23: 13 | D23: incorrect acdc panel labels
C24: 14 | D24: incorrect colour code wire under helm on bus bar
... C37: 27 | D37: shore power 1 not working (incorrectly wired)
C49: =IF(ISTEXT(#REF!),MAX($C$10:C49)+1,"")
C50: =IF(ISTEXT(D50),MAX($C$10:C49)+1,"")
C51: =IF(ISTEXT(D51),MAX($C$10:C50)+1,"")
C52: =IF(ISTEXT(D52),MAX($C$10:C51)+1,"")
C53: =IF(ISTEXT(D53),MAX($C$10:C52)+1,"")
B54: The Commissioning Engineer has to list all defects found on the boat after launch within 24hrs.
B56: DATE: | K56: =TODAY() -> 45832
B58: COMMISSIONING ENGINEER: | K58: =$M$7 -> ARL. Van Veen | S58: SIGNATURE:
E60: 24. COMMISSIONING EXCEPTION SHEET | W60: Page 2 of 5
J63: HULL NO: | M63: =M4 -> C1018
I64: CUST REF:
C66: RESPONSIBILITY: | M66: ARL. Van Veen
B68: COMMISSIONING DEFECTS | V68: TASK / JOB | W68: REPR BY (NAME) | X68: COMPL DT | Y68: T/L Sign | Z68: CE SIGN-OFF
D69: STBD AFT CABIN AND HEADS
C70: =IF(ISTEXT(D70),MAX($C$10:C69)+1,"") -> 28 | D70: fuel pipes metal support frame loose
C71: =IF(ISTEXT(D71),MAX($C$10:C70)+1,"") -> 29 | D71: water heater drain pipe not cradled
C72: =IF(ISTEXT(D72),MAX($C$10:C71)+1,"") -> 30 | D72: helm cup holder drain not correctly installed
C73: =IF(ISTEXT(D73),MAX($C$10:C72)+1,"") -> 31 | D73: Basin Mixer Loose
C74: =IF(ISTEXT(D74),MAX($C$10:C73)+1,"") -> 32 | D74: Shower Mixer Loose
C75: =IF(ISTEXT(D75),MAX($C$10:C74)+1,"") -> 33 | D75: Toilet Seat Loose
C76: =IF(ISTEXT(D76),MAX($C$10:C75)+1,"") -> 34 | D76: Toilet Base Loose
C77: =IF(ISTEXT(D77),MAX($C$10:C76)+1,"") -> 35 | D77: manual fire suppression cable loose
C78: =IF(ISTEXT(D78),MAX($C$10:C77)+1,"") -> 36 | D78: Aircon Not Draining
C79: =IF(ISTEXT(D79),MAX($C$10:C78)+1,"") -> 37 | D79: aircon pump not switching on
C80: =IF(ISTEXT(D80),MAX($C$10:C79)+1,"") -> 38 | D80: helm cup holder drain badly installed
C81: =IF(ISTEXT(D81),MAX($C$10:C80)+1,"") -> 39 | D81: fridge compressor not mounted
... C84: =IF(ISTEXT(D84),MAX($C$10:C83)+1,"") -> 42 | D84: toilet solenoid broke loose
C85: =IF(ISTEXT(D85),MAX($C$10:C84)+1,"")
C86: =IF(ISTEXT(D86),MAX($C$10:C85)+1,"")
C87: =IF(ISTEXT(D87),MAX($C$10:C86)+1,"")
C88: =IF(ISTEXT(D88),MAX($C$10:C87)+1,"")
C89: =IF(ISTEXT(D89),MAX($C$10:C88)+1,"")
C90: =IF(ISTEXT(D90),MAX($C$10:C89)+1,"")
C91: =IF(ISTEXT(D91),MAX($C$10:C90)+1,"")
D92: STBD FWD CABIN AND HEADS
C93: =IF(ISTEXT(D93),MAX($C$10:C92)+1,"") -> 43 | D93: Toilet Salt/Fresh Is Cross Wired
C94: =IF(ISTEXT(D94),MAX($C$10:C93)+1,"") -> 44 | D94: outlet upside down
C95: =IF(ISTEXT(D95),MAX($C$10:C94)+1,"") -> 45 | D95: aircon box cover not fitted
C96: =IF(ISTEXT(D96),MAX($C$10:C95)+1,"") -> 46 | D96: missing ball valve label
C97: =IF(ISTEXT(D97),MAX($C$10:C96)+1,"") -> 47 | D97: Shower Mixer Loose
C98: =IF(ISTEXT(D98),MAX($C$10:C97)+1,"") -> 48 | D98: Toilet Seat Loose
C99: =IF(ISTEXT(D99),MAX($C$10:C98)+1,"") -> 49 | D99: Toilet Base Loose
C100: =IF(ISTEXT(D100),MAX($C$10:C99)+1,"") -> 50 | D100: Basin Mixer Loose
C101: =IF(ISTEXT(D101),MAX($C$10:C100)+1,"") -> 51 | D101: missing j-box cover in bilge
C102: =IF(ISTEXT(D102),MAX($C$10:C101)+1,"")
C103: =IF(ISTEXT(D103),MAX($C$10:C102)+1,"")
C104: =IF(ISTEXT(D104),MAX($C$10:C103)+1,"")
C105: =IF(ISTEXT(D105),MAX($C$10:C104)+1,"")
C106: =IF(ISTEXT(D106),MAX($C$10:C105)+1,"")
B107: The Commissioning Engineer has to list all defects found on the boat after launch within 24hrs
B109: DATE: | K109: =$K$56 -> 45832
B111: COMMISSIONING ENGINEER: | K111: =$M$7 -> ARL. Van Veen | S111: SIGNATURE:
E114: 24. COMMISSIONING EXCEPTION SHEET | W114: PAGE 3 OF 5
J117: HULL NO: | M117: =M4 -> C1018
I118: CUST REF:
C120: RESPONSIBILITY: | M120: ARL. Van Veen
B122: COMMISSIONING DEFECTS | V122: TASK / JOB | W122: REPR BY (NAME) | X122: COMPL DT | Y122: T/L Sign | Z122: CE SIGN-OFF
D123: PORT FWD CABIN & Heads
C124: =IF(ISTEXT(D124),MAX($C$10:C123)+1,"") -> 52 | D124: Toilet Seat Loose
C125: =IF(ISTEXT(D125),MAX($C$10:C124)+1,"") -> 53 | D125: Toilet Base Loose
C126: =IF(ISTEXT(D126),MAX($C$10:C125)+1,"") -> 54 | D126: Basin Mixer Loose
C127: =IF(ISTEXT(D127),MAX($C$10:C126)+1,"") -> 55 | D127: aircon pump not switching on
C128: =IF(ISTEXT(D128),MAX($C$10:C127)+1,"") -> 56 | D128: excess gas piping behind genset battery inboard
C129: =IF(ISTEXT(D129),MAX($C$10:C128)+1,"") -> 57 | D129: Toilet Salt/Fresh Is Cross Wired
C130: =IF(ISTEXT(D130),MAX($C$10:C129)+1,"")
C131: =IF(ISTEXT(D131),MAX($C$10:C130)+1,"")
C132: =IF(ISTEXT(D132),MAX($C$10:C131)+1,"")
C133: =IF(ISTEXT(D133),MAX($C$10:C132)+1,"")
C134: =IF(ISTEXT(D134),MAX($C$10:C133)+1,"")
C135: =IF(ISTEXT(D135),MAX($C$10:C134)+1,"")
C136: =IF(ISTEXT(D136),MAX($C$10:C135)+1,"")
C137: =IF(ISTEXT(D137),MAX($C$10:C136)+1,"")
D139: PORT AFT CABIN & Heads
C140: =IF(ISTEXT(D140),MAX($C$10:C139)+1,"") -> 58 | D140: aircon pump not switching on
C141: =IF(ISTEXT(D141),MAX($C$10:C140)+1,"") -> 59 | D141: Toilet Seat Loose
C142: =IF(ISTEXT(D142),MAX($C$10:C141)+1,"") -> 60 | D142: Toilet Base Loose
C143: =IF(ISTEXT(D143),MAX($C$10:C142)+1,"") -> 61 | D143: Basin Mixer Loose
C144: =IF(ISTEXT(D144),MAX($C$10:C143)+1,"") -> 62 | D144: unlabeled wires and busbar at yachtsense
...

Sheet C1013
W1: PAGE 1 OF 5
J4: HULL NO: | M4: C1013
I5: CUST REF:
C7: RESPONSIBILITY: | M7: ARL. Van Veen
AB8: Total | AC8: =MAX($C$10:C274)+1 -> 123
B9: COMMISSIONING DEFECTS Launch Date : | V9: TASK / JOB | W9: REPR BY (NAME) | X9: COMPL DT | Y9: T/L Sign | Z9: CE SIGN-OFF | AB9: Elec | AC9: =COUNTIF(V:V,"ELEC") -> 64
D10: SALOON | AB10: Plum | AC10: =COUNTIF(V:V,"PLUM") -> 37
C11: 1 | D11: buzzer not connected by helm | V11: ELEC | AB11: Mech | AC11: =COUNTIF(V:V,"MECH") -> 13
C12: 2 | D12: Nmma Label Needs To Be Mounted | V12: =_xlfn.XLOOKUP(D12,Common_Defect_List!A:A,Common_Defect_List!B:B,"") -> FA | AB12: Other | AC12: =AC8-AC9-AC10-AC11 -> 9
C13: 3 | D13: genset volts and hertz not correctly set | V13: ELEC
C14: 4 | D14: incomplete wiring by main DB | V14: ELEC
C15: 5 | D15: mast wiring needs to be done | V15: ELEC
C16: 6 | D16: Saloon Door Needs To Be Set | V16: =_xlfn.XLOOKUP(D16,Common_Defect_List!A:A,Common_Defect_List!B:B,"") -> CARP
C17: 7 | D17: missing clamp for fridge drain pipe | V17: PLUM
C18: 8 | D18: missing diodes by main DB | V18: ELEC
C19: 9 | D19: stbd fwd shower pump wire needs to be strapped to main db | V19: ELEC
C20: 10 | D20: Saloon Clear Plastic Db Cover Not Mounted | V20: CARP
C21: 11 | D21: Fire Blanket Not Fitted (Sf) | V21: =_xlfn.XLOOKUP(D21,Common_Defect_List!A:A,Common_Defect_List!B:B,"") -> CARP
C22: 12 | D22: Co2 Sensor Not Mounted | V22: =_xlfn.XLOOKUP(D22,Common_Defect_List!A:A,Common_Defect_List!B:B,"") -> CARP
C23: 13 | D23: incorrect acdc panel labels | V23: ELEC
C24: 14 | D24: curtacy lights incorrectly wired | V24: ELEC
C25: 15 | D25: missing labels for main breakers in floor | V25: ELEC
C26: 16 | D26: inverter network cable pulled out | V26: ELEC
C27: 17 | D27: no Co-X plugs fitted for VHF antenna | V27: ELEC
C28: 18 | D28: MFD needs to be updated | V28: =_xlfn.XLOOKUP(D28,Common_Defect_List!A:A,Common_Defect_List!B:B,"") -> ELEC
C29: 19 | D29: AC Multimeter needs to be programmed | V29: ELEC
C30: 20 | D30: No key tallies for saloon door fitted | V30: FA
C31: 21 | D31: Autopilot motor not working | V31: ELEC
C32: 22 | D32: DC multimeter freezing | V32: ELEC
C33: 23 | D33: incorrectly wired AC neutrals | V33: ELEC
C34: 24 | D34: DC multimeter arrow cross wired | V34: ELEC
C35: 25 | D35: deck light not working | V35: ELEC
C36: 26 | D36: AC cluster incorrectly wired | V36: ELEC
C37: 27 | D37: shore power 2 not working (incorrectly wired) | V37: ELEC
C38: 28 | D38: VHF antenna wire not pulled through from nav station | V38: ELEC
C39: 29 | D39: Galley Fridge Not Working | V39: ELEC
C40: 30 | D40: watermaker polarity incorrect | V40: ELEC
... C48: 38 | D48: stereo keeps tripping | V48: ELEC
C49: =IF(ISTEXT(#REF!),MAX($C$10:C49)+1,"")
C50: =IF(ISTEXT(D50),MAX($C$10:C49)+1,"")
C51: =IF(ISTEXT(D51),MAX($C$10:C50)+1,"")
C52: =IF(ISTEXT(D52),MAX($C$10:C51)+1,"")
C53: =IF(ISTEXT(D53),MAX($C$10:C52)+1,"")
B54: The Commissioning Engineer has to list all defects found on the boat after launch within 24hrs.
B56: DATE: | K56: =TODAY() -> 45832
B58: COMMISSIONING ENGINEER: | K58: =$M$7 -> ARL. Van Veen | S58: SIGNATURE:
E60: 24. COMMISSIONING EXCEPTION SHEET | W60: Page 2 of 5
J63: HULL NO: | M63: =M4 -> C1013
I64: CUST REF:
C66: RESPONSIBILITY: | M66: ARL. Van Veen
B68: COMMISSIONING DEFECTS | V68: TASK / JOB | W68: REPR BY (NAME) | X68: COMPL DT | Y68: T/L Sign | Z68: CE SIGN-OFF
D69: STBD AFT CABIN AND HEADS
C70: =IF(ISTEXT(D70),MAX($C$10:C69)+1,"") -> 39 | D70: water heater leaking at hot water | V70: PLUM
C71: =IF(ISTEXT(D71),MAX($C$10:C70)+1,"") -> 40 | D71: water heater drain pipe not cradled | V71: PLUM
C72: =IF(ISTEXT(D72),MAX($C$10:C71)+1,"") -> 41 | D72: helm cup holder drain not correctly installed | V72: PLUM
C73: =IF(ISTEXT(D73),MAX($C$10:C72)+1,"") -> 42 | D73: Basin Mixer Loose | V73: PLUM
C74: =IF(ISTEXT(D74),MAX($C$10:C73)+1,"") -> 43 | D74: Shower Mixer Loose | V74: PLUM
C75: =IF(ISTEXT(D75),MAX($C$10:C74)+1,"") -> 44 | D75: Toilet Seat Loose | V75: PLUM
C76: =IF(ISTEXT(D76),MAX($C$10:C75)+1,"") -> 45 | D76: Toilet Base Loose | V76: PLUM
C77: =IF(ISTEXT(D77),MAX($C$10:C76)+1,"") -> 46 | D77: wires needs to be strapped in inboard inspection | V77: ELEC
C78: =IF(ISTEXT(D78),MAX($C$10:C77)+1,"") -> 47 | D78: ACU ground wire not connected | V78: ELEC
C79: =IF(ISTEXT(D79),MAX($C$10:C78)+1,"") -> 48 | D79: co2 sensor not working | V79: ELEC
C80: =IF(ISTEXT(D80),MAX($C$10:C79)+1,"")
C81: =IF(ISTEXT(D81),MAX($C$10:C80)+1,"")
C82: =IF(ISTEXT(D82),MAX($C$10:C81)+1,"")
C83: =IF(ISTEXT(D83),MAX($C$10:C82)+1,"")
D84: STBD MID CABIN AND HEADS | V84: =_xlfn.XLOOKUP(D84,Common_Defect_List!A:A,Common_Defect_List!B:B,"")
C85: =IF(ISTEXT(D85),MAX($C$10:C84)+1,"") -> 49 | D85: Toilet Seat Loose | V85: PLUM
C86: =IF(ISTEXT(D86),MAX($C$10:C85)+1,"") -> 50 | D86: Toilet Base Loose | V86: PLUM
C87: =IF(ISTEXT(D87),MAX($C$10:C86)+1,"") -> 51 | D87: inboard piping not cradled | V87: PLUM
C88: 50 | D88: 2way switch fitted -- should be three way | V88: ELEC
C89: 51 | D89: ventilation fan not fitted | V89: ELEC
C90: =IF(ISTEXT(D90),MAX($C$10:C89)+1,"")
C91: =IF(ISTEXT(D91),MAX($C$10:C90)+1,"")
D92: STBD FWD CABIN AND HEADS
C93: =IF(ISTEXT(D93),MAX($C$10:C92)+1,"") -> 52 | D93: aircon elbow broken | V93: PLUM
C94: =IF(ISTEXT(D94),MAX($C$10:C93)+1,"") -> 53 | D94: poor aircon duckting | V94: PLUM
C95: =IF(ISTEXT(D95),MAX($C$10:C94)+1,"") -> 54 | D95: loose pipes by aircon | V95: PLUM
C96: =IF(ISTEXT(D96),MAX($C$10:C95)+1,"") -> 55 | D96: missing ball valve label | V96: PLUM
C97: =IF(ISTEXT(D97),MAX($C$10:C96)+1,"") -> 56 | D97: Shower Mixer Loose | V97: PLUM
C98: =IF(ISTEXT(D98),MAX($C$10:C97)+1,"") -> 57 | D98: Toilet Seat Loose | V98: PLUM
C99: =IF(ISTEXT(D99),MAX($C$10:C98)+1,"") -> 58 | D99: Toilet Base Loose | V99: PLUM
C100: =IF(ISTEXT(D100),MAX($C$10:C99)+1,"") -> 59 | D100: Basin Mixer Loose | V100: PLUM
C101: =IF(ISTEXT(D101),MAX($C$10:C100)+1,"") -> 60 | D101: aircon base loose | V101: PLUM
C102: =IF(ISTEXT(D102),MAX($C$10:C101)+1,"") -> 61 | D102: toilet switch not wired | V102: ELEC
C103: =IF(ISTEXT(D103),MAX($C$10:C102)+1,"") -> 62 | D103: outlet not wired | V103: ELEC
C104: =IF(ISTEXT(D104),MAX($C$10:C103)+1,"") -> 63 | D104: aircon not working | V104: ELEC
C105: =IF(ISTEXT(D105),MAX($C$10:C104)+1,"")
C106: =IF(ISTEXT(D106),MAX($C$10:C105)+1,"")
B107: The Commissioning Engineer has to list all defects found on the boat after launch within 24hrs
B109: DATE: | K109: =$K$56 -> 45832
B111: COMMISSIONING ENGINEER: | K111: =$M$7 -> ARL. Van Veen | S111: SIGNATURE:
E114: 24. COMMISSIONING EXCEPTION SHEET | W114: PAGE 3 OF 5
J117: HULL NO: | M117: =M4 -> C1013
I118: CUST REF:
C120: RESPONSIBILITY: | M120: ARL. Van Veen
B122: COMMISSIONING DEFECTS | V122: TASK / JOB | W122: REPR BY (NAME) | X122: COMPL DT | Y122: T/L Sign | Z122: CE SIGN-OFF
D123: PORT FWD CABIN & Heads
C124: =IF(ISTEXT(D124),MAX($C$10:C123)+1,"") -> 64 | D124: Toilet Seat Loose | V124: PLUM
C125: =IF(ISTEXT(D125),MAX($C$10:C124)+1,"") -> 65 | D125: Toilet Base Loose | V125: PLUM
...

Sheet C1017
W1: PAGE 1 OF 5
J4: HULL NO: | M4: C1017
I5: CUST REF:
C7: RESPONSIBILITY: | M7: ARL. Van Veen
AB8: Total | AC8: =MAX($C$10:C274)+1 -> 132
B9: COMMISSIONING DEFECTS Launch Date : | V9: TASK / JOB | W9: REPR BY (NAME) | X9: COMPL DT | Y9: T/L Sign | Z9: CE SIGN-OFF | AB9: Elec | AC9: =COUNTIF(V:V,"ELEC") -> 62
D10: SALOON | AB10: Plum | AC10: =COUNTIF(V:V,"PLUM") -> 37
C11: 1 | D11: incorrect wires (colour codes) used for light switches (multiple) | V11: ELEC | AB11: Mech | AC11: =COUNTIF(V:V,"MECH") -> 14
C12: 2 | D12: Nmma Label Needs To Be Mounted | V12: =_xlfn.XLOOKUP(D12,Common_Defect_List!A:A,Common_Defect_List!B:B,"") -> FA | AB12: Other | AC12: =AC8-AC9-AC10-AC11 -> 19
C13: 3 | D13: genset volts and hertz not correctly set | V13: ELEC
C14: 4 | D14: 2x missing downlights | V14: ELEC
C15: 5 | D15: mast wiring needs to be done | V15: ELEC
C16: 6 | D16: Saloon Door Needs To Be Set | V16: =_xlfn.XLOOKUP(D16,Common_Defect_List!A:A,Common_Defect_List!B:B,"") -> CARP
C17: 7 | D17: missing clamp for fridge drain pipe | V17: PLUM
C18: 8 | D18: saloon settee armrest bolts cut off too short | V18: CE
C19: 9 | D19: lifting platform isolator not mounted | V19: CARP
C20: 10 | D20: Saloon Clear Plastic Db Cover Not Mounted | V20: CARP
C21: 11 | D21: Fire Blanket Not Fitted (Sf) | V21: =_xlfn.XLOOKUP(D21,Common_Defect_List!A:A,Common_Defect_List!B:B,"") -> CARP
C22: 12 | D22: Co2 Sensor Not Mounted | V22: =_xlfn.XLOOKUP(D22,Common_Defect_List!A:A,Common_Defect_List!B:B,"") -> CARP
C23: 13 | D23: incorrect acdc panel labels | V23: ELEC
C24: 14 | D24: genset transfer causing finder behind ACDC to gitter | V24: ELEC
C25: 15 | D25: missing labels for main breakers in floor | V25: ELEC
C26: 16 | D26: 2x unused loose wires behind ACDC | V26: ELEC
C27: 17 | D27: no Co-X plugs fitted for VHF antenna | V27: ELEC
C28: 18 | D28: MFD needs to be updated | V28: =_xlfn.XLOOKUP(D28,Common_Defect_List!A:A,Common_Defect_List!B:B,"") -> ELEC
C29: 19 | D29: AC Multimeter needs to be programmed | V29: ELEC
C30: 20 | D30: No key tallies for saloon door fitted | V30: FA
C31: 21 | D31: Autopilot motor cross wired | V31: ELEC
C32: 22 | D32: DC multimeter freezing | V32: ELEC
C33: 23 | D33: Bad crimp on battery protect unit | V33: ELEC
C34: 24 | D34: house battery cables not properly routed and strapped | V34: ELEC
C35: 25 | D35: deck light not working | V35: ELEC
C36: 26 | D36: curtacy lights incorrectly wired | V36: ELEC
C37: 27 | D37: stbd engine battery voltage not showing on dc meter | V37: ELEC
C38: 28 | D38: VHF antenna wire not pulled through from nav station | V38: ELEC
C39: 29 | D39: horn button not working | V39: ELEC
C40: 30 | D40: Shore 2 not working (incorrect contactor wiring) | V40: ELEC
... C46: 36 | D46: Victron app on MFD not configured | V46: CE
C47: =IF(ISTEXT(D48),MAX($C$10:C47)+1,"")
C48: =IF(ISTEXT(#REF!),MAX($C$10:C48)+1,"")
C49: =IF(ISTEXT(#REF!),MAX($C$10:C49)+1,"")
C50: =IF(ISTEXT(D50),MAX($C$10:C49)+1,"")
C51: =IF(ISTEXT(D51),MAX($C$10:C50)+1,"")
C52: =IF(ISTEXT(D52),MAX($C$10:C51)+1,"")
C53: =IF(ISTEXT(D53),MAX($C$10:C52)+1,"")
B54: The Commissioning Engineer has to list all defects found on the boat after launch within 24hrs.
B56: DATE: | K56: =TODAY() -> 45832
B58: COMMISSIONING ENGINEER: | K58: =$M$7 -> ARL. Van Veen | S58: SIGNATURE:
E60: 24. COMMISSIONING EXCEPTION SHEET | W60: Page 2 of 5
J63: HULL NO: | M63: =M4 -> C1017
I64: CUST REF:
C66: RESPONSIBILITY: | M66: ARL. Van Veen
B68: COMMISSIONING DEFECTS | V68: TASK / JOB | W68: REPR BY (NAME) | X68: COMPL DT | Y68: T/L Sign | Z68: CE SIGN-OFF
D69: STBD AFT CABIN AND HEADS
C70: =IF(ISTEXT(D70),MAX($C$10:C69)+1,"") -> 37 | D70: toilet salt water not working | V70: ELEC
C71: =IF(ISTEXT(D71),MAX($C$10:C70)+1,"") -> 38 | D71: toilet fresh water not working | V71: ELEC
C72: =IF(ISTEXT(D72),MAX($C$10:C71)+1,"") -> 39 | D72: Toilet Seat Loose | V72: PLUM
C73: =IF(ISTEXT(D73),MAX($C$10:C72)+1,"") -> 40 | D73: toilet loose | V73: PLUM
C74: =IF(ISTEXT(D74),MAX($C$10:C73)+1,"") -> 41 | D74: inboard inspection pipes not strapped | V74: PLUM
C75: =IF(ISTEXT(D75),MAX($C$10:C74)+1,"") -> 42 | D75: float switch chemical damage | V75: PLUM
C76: =IF(ISTEXT(D76),MAX($C$10:C75)+1,"") -> 43 | D76: badly installed duckting | V76: PLUM
C77: =IF(ISTEXT(D77),MAX($C$10:C76)+1,"") -> 44 | D77: aircon drain pipe too long | V77: PLUM
C78: =IF(ISTEXT(D78),MAX($C$10:C77)+1,"") -> 45 | D78: water heater drain pipe not cradled | V78: PLUM
C79: =IF(ISTEXT(D79),MAX($C$10:C78)+1,"") -> 46 | D79: toilet plumbing leaking | V79: PLUM
C80: =IF(ISTEXT(D80),MAX($C$10:C79)+1,"") -> 47 | D80: 2x cut AC wires because stuck in steering | V80: ELEC
C81: =IF(ISTEXT(D81),MAX($C$10:C80)+1,"") -> 48 | D81: helm cup holder's not properly draining | V81: PLUM
... C83: =IF(ISTEXT(D83),MAX($C$10:C82)+1,"") -> 50 | D83: no plugs fitted for aircon unit | V83: ELEC/CE
D84: STBD MID CABIN AND HEADS | V84: =_xlfn.XLOOKUP(D84,Common_Defect_List!A:A,Common_Defect_List!B:B,"")
D85: N/A
D86: STBD FWD CABIN AND HEADS
C87: =IF(ISTEXT(D87),MAX($C$10:C86)+1,"") -> 51 | D87: duckting badly installed | V87: PLUM
C88: =IF(ISTEXT(D88),MAX($C$10:C87)+1,"") -> 52 | D88: missing rail stoppers for finder | V88: ELEC
C89: =IF(ISTEXT(D89),MAX($C$10:C88)+1,"") -> 53 | D89: extra unused relay on DB | V89: ELEC
C90: =IF(ISTEXT(D90),MAX($C$10:C89)+1,"") -> 54 | D90: shower inspection leaking | V90: CARP
C91: =IF(ISTEXT(D91),MAX($C$10:C90)+1,"") -> 55 | D91: Basin Mixer Loose | V91: PLUM
C92: =IF(ISTEXT(D92),MAX($C$10:C91)+1,"") -> 56 | D92: Shower Mixer Loose | V92: PLUM
C93: =IF(ISTEXT(D93),MAX($C$10:C92)+1,"") -> 57 | D93: Toilet Seat Loose | V93: PLUM
C94: =IF(ISTEXT(D94),MAX($C$10:C93)+1,"") -> 58 | D94: waste tank strap badly installed | V94: PLUM
C95: =IF(ISTEXT(D95),MAX($C$10:C94)+1,"") -> 59 | D95: Waste Tank Indicator Light Not working | V95: ELEC
C96: =IF(ISTEXT(D96),MAX($C$10:C95)+1,"") -> 60 | D96: aircon filter leaking | V96: PLUM
C97: =IF(ISTEXT(D97),MAX($C$10:C96)+1,"") -> 61 | D97: aircon t-piece leaking | V97: =_xlfn.XLOOKUP(D91,Common_Defect_List!A:A,Common_Defect_List!B:B,"") -> PLUM
C98: =IF(ISTEXT(D98),MAX($C$10:C97)+1,"") -> 62 | D98: aircon blead leaking | V98: PLUM
C99: =IF(ISTEXT(D99),MAX($C$10:C98)+1,"") -> 63 | D99: depth transducer dummy not fitted | V99: PLUM
C100: =IF(ISTEXT(D100),MAX($C$10:C99)+1,"") -> 64 | D100: Missing Salt/Fresh Label At Toilet | V100: PLUM
C101: =IF(ISTEXT(D101),MAX($C$10:C100)+1,"") -> 65 | D101: water purifier mounted at different location | V101: CE/PLUM
C102: =IF(ISTEXT(D102),MAX($C$10:C101)+1,"") -> 66 | D102: incorrect aircon pump wiring | V102: ELEC
C103: =IF(ISTEXT(D103),MAX($C$10:C102)+1,"") -> 67 | D103: missing deckwask through hull label | V103: PLUM
C104: =IF(ISTEXT(D104),MAX($C$10:C103)+1,"") -> 68 | D104: cabin light wires badly installed | V104: ELEC
C105: =IF(ISTEXT(D105),MAX($C$10:C104)+1,"") -> 69 | D105: basin water gathering in corner and needs to be filled up | V105: FA
C106: =IF(ISTEXT(D106),MAX($C$10:C105)+1,"") -> 70 | D106: no plugs fitted for aircon unit | V106: ELEC
B107: The Commissioning Engineer has to list all defects found on the boat after launch within 24hrs
B109: DATE: | K109: =$K$56 -> 45832
B111: COMMISSIONING ENGINEER: | K111: =$M$7 -> ARL. Van Veen | S111: SIGNATURE:
E114: 24. COMMISSIONING EXCEPTION SHEET | W114: PAGE 3 OF 5
J117: HULL NO: | M117: =M4 -> C1017
I118: CUST REF:
C120: RESPONSIBILITY: | M120: ARL. Van Veen
B122: COMMISSIONING DEFECTS | V122: TASK / JOB | W122: REPR BY (NAME) | X122: COMPL DT | Y122: T/L Sign | Z122: CE SIGN-OFF
D123: PORT FWD CABIN & Heads
C124: =IF(ISTEXT(D124),MAX($C$10:C123)+1,"") -> 71 | D124: speed transducer wire not cradled | V124: ELEC
...

Sheet C1015
W1: PAGE 1 OF 5
J4: HULL NO: | M4: C1015
I5: CUST REF:
C7: RESPONSIBILITY: | M7: ARL. Van Veen
AB8: Total | AC8: =MAX($C$10:C274)+1 -> 121
B9: COMMISSIONING DEFECTS Launch Date : | V9: TASK / JOB | W9: REPR BY (NAME) | X9: COMPL DT | Y9: T/L Sign | Z9: CE SIGN-OFF | AB9: Elec | AC9: =COUNTIF(V:V,"ELEC") -> 34
D10: SALOON | AB10: Plum | AC10: =COUNTIF(V:V,"PLUM") -> 41
C11: 1 | D11: ACDC covers not fitted | V11: ELEC | AB11: Mech | AC11: =COUNTIF(V:V,"MECH") -> 27
C12: =IF(ISTEXT(D12),MAX($C$10:C11)+1,"") -> 2 | D12: Nmma Label Needs To Be Mounted | V12: =_xlfn.XLOOKUP(D12,Common_Defect_List!A:A,Common_Defect_List!B:B,"") -> FA | AB12: Other | AC12: =AC8-AC9-AC10-AC11 -> 19
C13: =IF(ISTEXT(D13),MAX($C$10:C12)+1,"") -> 3 | D13: genset volts and hertz not correctly set | V13: ELEC
C14: =IF(ISTEXT(D14),MAX($C$10:C13)+1,"") -> 4 | D14: windlass not working on stbd ignition | V14: ELEC
C15: =IF(ISTEXT(D15),MAX($C$10:C14)+1,"") -> 5 | D15: mast wiring needs to be done | V15: ELEC
C16: =IF(ISTEXT(D16),MAX($C$10:C15)+1,"") -> 6 | D16: Saloon Door Needs To Be Set | V16: =_xlfn.XLOOKUP(D16,Common_Defect_List!A:A,Common_Defect_List!B:B,"") -> CARP
C17: =IF(ISTEXT(D17),MAX($C$10:C16)+1,"") -> 7 | D17: missing clamp for fridge drain pipe | V17: PLUM
C18: =IF(ISTEXT(D18),MAX($C$10:C17)+1,"") -> 8 | D18: Telly Mute Not Working | V18: =_xlfn.XLOOKUP(D18,Common_Defect_List!A:A,Common_Defect_List!B:B,"") -> ELEC
C19: =IF(ISTEXT(D19),MAX($C$10:C18)+1,"") -> 9 | D19: compass light not working | V19: ELEC
C20: =IF(ISTEXT(D20),MAX($C$10:C19)+1,"") -> 10 | D20: Saloon Clear Plastic Db Cover Not Mounted | V20: =_xlfn.XLOOKUP(D20,Common_Defect_List!A:A,Common_Defect_List!B:B,"") -> FA
C21: =IF(ISTEXT(D21),MAX($C$10:C20)+1,"") -> 11 | D21: Fire Blanket Not Fitted (Sf) | V21: =_xlfn.XLOOKUP(D21,Common_Defect_List!A:A,Common_Defect_List!B:B,"") -> CARP
C22: =IF(ISTEXT(D22),MAX($C$10:C21)+1,"") -> 12 | D22: Co2 Sensor Not Mounted | V22: =_xlfn.XLOOKUP(D22,Common_Defect_List!A:A,Common_Defect_List!B:B,"") -> CARP
C23: =IF(ISTEXT(D23),MAX($C$10:C22)+1,"") -> 13 | D23: incorrect acdc panel labels | V23: ELEC
C24: =IF(ISTEXT(D24),MAX($C$10:C23)+1,"") -> 14 | D24: reefing warning sign not fitted in galley | V24: FA
C25: =IF(ISTEXT(D25),MAX($C$10:C24)+1,"") -> 15 | D25: missing labels for main breakers in floor | V25: ELEC
C26: =IF(ISTEXT(D26),MAX($C$10:C25)+1,"") -> 16 | D26: house batteries brace loose | V26: CARP
C27: =IF(ISTEXT(D27),MAX($C$10:C26)+1,"") -> 17 | D27: no Co-X plugs fitted for VHF antenna | V27: ELEC
C28: =IF(ISTEXT(D28),MAX($C$10:C27)+1,"") -> 18 | D28: MFD needs to be updated | V28: =_xlfn.XLOOKUP(D28,Common_Defect_List!A:A,Common_Defect_List!B:B,"") -> ELEC
C29: =IF(ISTEXT(D29),MAX($C$10:C28)+1,"") -> 19 | D29: AC Multimeter needs to be programmed | V29: ELEC
C30: =IF(ISTEXT(D30),MAX($C$10:C29)+1,"") -> 20 | D30: No key tallies for saloon door fitted | V30: FA
C31: =IF(ISTEXT(D31),MAX($C$10:C30)+1,"") -> 21 | D31: Autopilot motor not connected | V31: ELEC
C32: =IF(ISTEXT(D32),MAX($C$10:C31)+1,"")
C33: =IF(ISTEXT(D34),MAX($C$10:C33)+1,"")
C34: =IF(ISTEXT(D35),MAX($C$10:C34)+1,"")
C35: =IF(ISTEXT(D36),MAX($C$10:C35)+1,"")
C36: =IF(ISTEXT(D37),MAX($C$10:C36)+1,"")
C37: =IF(ISTEXT(D38),MAX($C$10:C37)+1,"")
C38: =IF(ISTEXT(D39),MAX($C$10:C38)+1,"")
C39: =IF(ISTEXT(D40),MAX($C$10:C39)+1,"")
C40: =IF(ISTEXT(D41),MAX($C$10:C40)+1,"")
C41: =IF(ISTEXT(D42),MAX($C$10:C41)+1,"")
C42: =IF(ISTEXT(D43),MAX($C$10:C42)+1,"")
C43: =IF(ISTEXT(D44),MAX($C$10:C43)+1,"")
C44: =IF(ISTEXT(D45),MAX($C$10:C44)+1,"")
... C47: =IF(ISTEXT(D48),MAX($C$10:C47)+1,"")
C48: =IF(ISTEXT(#REF!),MAX($C$10:C48)+1,"")
C49: =IF(ISTEXT(#REF!),MAX($C$10:C49)+1,"")
C50: =IF(ISTEXT(D50),MAX($C$10:C49)+1,"")
C51: =IF(ISTEXT(D51),MAX($C$10:C50)+1,"")
C52: =IF(ISTEXT(D52),MAX($C$10:C51)+1,"")
C53: =IF(ISTEXT(D53),MAX($C$10:C52)+1,"")
B54: The Commissioning Engineer has to list all defects found on the boat after launch within 24hrs.
B56: DATE: | K56: =TODAY() -> 45832
B58: COMMISSIONING ENGINEER: | K58: =$M$7 -> ARL. Van Veen | S58: SIGNATURE:
E60: 24. COMMISSIONING EXCEPTION SHEET | W60: Page 2 of 5
J63: HULL NO: | M63: =M4 -> C1015
I64: CUST REF:
C66: RESPONSIBILITY: | M66: ARL. Van Veen
B68: COMMISSIONING DEFECTS | V68: TASK / JOB | W68: REPR BY (NAME) | X68: COMPL DT | Y68: T/L Sign | Z68: CE SIGN-OFF
D69: STBD AFT CABIN AND HEADS
C70: =IF(ISTEXT(D70),MAX($C$10:C69)+1,"") -> 22 | D70: Leak On Water Heater | V70: =_xlfn.XLOOKUP(D70,Common_Defect_List!A:A,Common_Defect_List!B:B,"") -> PLUM
C71: =IF(ISTEXT(D71),MAX($C$10:C70)+1,"") -> 23 | D71: unused cradle in fuel locker | V71: MECH
C72: =IF(ISTEXT(D72),MAX($C$10:C71)+1,"") -> 24 | D72: loose fire suppression cable | V72: MECH
C73: =IF(ISTEXT(D73),MAX($C$10:C72)+1,"") -> 25 | D73: helm cup holders do not drain into aircon drain | V73: PLUM
C74: =IF(ISTEXT(D74),MAX($C$10:C73)+1,"") -> 26 | D74: heads floor leaking into bilge | V74: CARP
C75: =IF(ISTEXT(D75),MAX($C$10:C74)+1,"") -> 27 | D75: Toilet Salt/Fresh Is Cross Wired | V75: =_xlfn.XLOOKUP(D75,Common_Defect_List!A:A,Common_Defect_List!B:B,"") -> ELEC
C76: =IF(ISTEXT(D76),MAX($C$10:C75)+1,"") -> 28 | D76: Missing Salt/Fresh Label At Toilet | V76: =_xlfn.XLOOKUP(D76,Common_Defect_List!A:A,Common_Defect_List!B:B,"") -> PLUM
C77: =IF(ISTEXT(D77),MAX($C$10:C76)+1,"") -> 29 | D77: Toilet Seat Loose | V77: =_xlfn.XLOOKUP(D77,Common_Defect_List!A:A,Common_Defect_List!B:B,"") -> PLUM
C78: =IF(ISTEXT(D78),MAX($C$10:C77)+1,"") -> 30 | D78: Basin Mixer Loose | V78: =_xlfn.XLOOKUP(D78,Common_Defect_List!A:A,Common_Defect_List!B:B,"") -> PLUM
C79: =IF(ISTEXT(D79),MAX($C$10:C78)+1,"") -> 31 | D79: ducting is badly installed in ceiling | V79: PLUM
C80: =IF(ISTEXT(D80),MAX($C$10:C79)+1,"") -> 32 | D80: toilet pipe leaking | V80: PLUM
C81: =IF(ISTEXT(D81),MAX($C$10:C80)+1,"") -> 33 | D81: badly installed morse control cables in ceiling below helm | V81: MECH
C82: =IF(ISTEXT(D82),MAX($C$10:C81)+1,"") -> 34 | D82: badly strapped wiring in ceiling below helm | V82: ELEC
C83: =IF(ISTEXT(D83),MAX($C$10:C82)+1,"")
D84: STBD MID CABIN AND HEADS | V84: =_xlfn.XLOOKUP(D84,Common_Defect_List!A:A,Common_Defect_List!B:B,"")
C85: =IF(ISTEXT(D85),MAX($C$10:C84)+1,"") -> 35 | D85: extractor fan pipe not connected to deck mushroom | V85: CARP
C86: =IF(ISTEXT(D86),MAX($C$10:C85)+1,"") -> 36 | D86: extractor fan fitted skew | V86: CARP
C87: =IF(ISTEXT(D87),MAX($C$10:C86)+1,"") -> 37 | D87: Toilet Base Loose | V87: =_xlfn.XLOOKUP(D87,Common_Defect_List!A:A,Common_Defect_List!B:B,"") -> PLUM
C88: =IF(ISTEXT(D88),MAX($C$10:C87)+1,"") -> 38 | D88: Toilet Anti-Syphen Leaking | V88: =_xlfn.XLOOKUP(D88,Common_Defect_List!A:A,Common_Defect_List!B:B,"") -> PLUM
C89: =IF(ISTEXT(D89),MAX($C$10:C88)+1,"") -> 39 | D89: toilet salt water is blocked | V89: PLUM
C90: =IF(ISTEXT(D90),MAX($C$10:C89)+1,"") -> 40 | D90: heads rope light not working | V90: ELEC
C91: =IF(ISTEXT(D91),MAX($C$10:C90)+1,"") -> 41 | D91: Toilet Salt/Fresh Is Cross Wired | V91: =_xlfn.XLOOKUP(D91,Common_Defect_List!A:A,Common_Defect_List!B:B,"") -> ELEC
C92: =IF(ISTEXT(D92),MAX($C$10:C91)+1,"") -> 42 | D92: inboard inspection has a pipe that is not draining properly | V92: PLUM
C93: =IF(ISTEXT(D93),MAX($C$10:C92)+1,"") -> 43 | D93: unused cradels and plumbing not cradled inboard inspection | V93: MECH
C94: =IF(ISTEXT(D94),MAX($C$10:C93)+1,"") -> 44 | D94: Water Tank Brace Loose | V94: =_xlfn.XLOOKUP(D94,Common_Defect_List!A:A,Common_Defect_List!B:B,"") -> MECH
D95: STBD FWD CABIN AND HEADS | V95: =_xlfn.XLOOKUP(D95,Common_Defect_List!A:A,Common_Defect_List!B:B,"")
C96: =IF(ISTEXT(D96),MAX($C$10:C95)+1,"") -> 45 | D96: missing blue clip for aircon finder relay | V96: ELEC
C97: =IF(ISTEXT(D97),MAX($C$10:C96)+1,"") -> 46 | D97: Toilet Salt/Fresh Is Cross Wired | V97: =_xlfn.XLOOKUP(D97,Common_Defect_List!A:A,Common_Defect_List!B:B,"") -> ELEC
C98: =IF(ISTEXT(D98),MAX($C$10:C97)+1,"") -> 47 | D98: extra aircon bleed label fitted | V98: PLUM
C99: =IF(ISTEXT(D99),MAX($C$10:C98)+1,"") -> 48 | D99: depth transducer dummy plug not on boat (used for C1012) | V99: PLUM
C100: =IF(ISTEXT(D100),MAX($C$10:C99)+1,"") -> 49 | D100: Toilet Seat Loose | V100: =_xlfn.XLOOKUP(D100,Common_Defect_List!A:A,Common_Defect_List!B:B,"") -> PLUM
C101: =IF(ISTEXT(D101),MAX($C$10:C100)+1,"") -> 50 | D101: Basin Mixer Loose | V101: =_xlfn.XLOOKUP(D101,Common_Defect_List!A:A,Common_Defect_List!B:B,"") -> PLUM
C102: =IF(ISTEXT(D102),MAX($C$10:C101)+1,"") -> 51 | D102: Toilet Base Loose | V102: =_xlfn.XLOOKUP(D102,Common_Defect_List!A:A,Common_Defect_List!B:B,"") -> PLUM
C103: =IF(ISTEXT(D103),MAX($C$10:C102)+1,"") -> 52 | D103: Missing Salt/Fresh Label At Toilet | V103: =_xlfn.XLOOKUP(D103,Common_Defect_List!A:A,Common_Defect_List!B:B,"") -> PLUM
C104: =IF(ISTEXT(D104),MAX($C$10:C103)+1,"") -> 53 | D104: Shower Leaking Into Bilge | V104: =_xlfn.XLOOKUP(D104,Common_Defect_List!A:A,Common_Defect_List!B:B,"") -> PLUM
C105: =IF(ISTEXT(D105),MAX($C$10:C104)+1,"") -> 54 | D105: leak on aircon pump | V105: PLUM
C106: =IF(ISTEXT(D106),MAX($C$10:C105)+1,"")
B107: The Commissioning Engineer has to list all defects found on the boat after launch within 24hrs
B109: DATE: | K109: =$K$56 -> 45832
B111: COMMISSIONING ENGINEER: | K111: =$M$7 -> ARL. Van Veen | S111: SIGNATURE:
E114: 24. COMMISSIONING EXCEPTION SHEET | W114: PAGE 3 OF 5
J117: HULL NO: | M117: =M4 -> C1015
I118: CUST REF:
...

Sheet C1012
W1: PAGE 1 OF 5
J4: HULL NO: | M4: C1012
I5: CUST REF:
C7: RESPONSIBILITY: | M7: ARL. Van Veen
B9: COMMISSIONING DEFECTS Launch Date : | V9: TASK / JOB | W9: REPR BY (NAME) | X9: COMPL DT | Y9: T/L Sign | Z9: CE SIGN-OFF | AC9: =COUNTIF(V:V,"ELEC") -> 82
D10: SALOON
C11: 1 | D11: Telly Mute Not Working | V11: =_xlfn.XLOOKUP(D11,Common_Defect_List!A:A,Common_Defect_List!B:B,"") -> ELEC
C12: =IF(ISTEXT(D12),MAX($C$10:C11)+1,"") -> 2 | D12: Nmma Label Needs To Be Mounted | V12: =_xlfn.XLOOKUP(D12,Common_Defect_List!A:A,Common_Defect_List!B:B,"") -> FA
C13: =IF(ISTEXT(D13),MAX($C$10:C12)+1,"") -> 3 | D13: Aircon Switching On Wrong Pump | V13: =_xlfn.XLOOKUP(D13,Common_Defect_List!A:A,Common_Defect_List!B:B,"") -> ELEC
C14: =IF(ISTEXT(D14),MAX($C$10:C13)+1,"") -> 4 | D14: Incomplete Wiring Behind Acdc Panel | V14: =_xlfn.XLOOKUP(D14,Common_Defect_List!A:A,Common_Defect_List!B:B,"") -> ELEC
C15: =IF(ISTEXT(D15),MAX($C$10:C14)+1,"") -> 5 | D15: Incomplete Wiring At Main Saloon Db | V15: =_xlfn.XLOOKUP(D15,Common_Defect_List!A:A,Common_Defect_List!B:B,"") -> ELEC
C16: =IF(ISTEXT(D16),MAX($C$10:C15)+1,"") -> 6 | D16: Saloon Door Needs To Be Set | V16: =_xlfn.XLOOKUP(D16,Common_Defect_List!A:A,Common_Defect_List!B:B,"") -> CARP
C17: =IF(ISTEXT(D17),MAX($C$10:C16)+1,"") -> 7 | D17: Loose Wires Behind Acdc | V17: =_xlfn.XLOOKUP(D17,Common_Defect_List!A:A,Common_Defect_List!B:B,"") -> ELEC
C18: =IF(ISTEXT(D18),MAX($C$10:C17)+1,"") -> 8 | D18: Bilge Override Lights Not Mounted | V18: ELEC
C19: =IF(ISTEXT(D19),MAX($C$10:C18)+1,"") -> 9 | D19: Genset Isolator Switch Not Mounted | V19: =_xlfn.XLOOKUP(D19,Common_Defect_List!A:A,Common_Defect_List!B:B,"") -> CARP
C20: =IF(ISTEXT(D20),MAX($C$10:C19)+1,"") -> 10 | D20: Saloon Clear Plastic Db Cover Not Mounted | V20: =_xlfn.XLOOKUP(D20,Common_Defect_List!A:A,Common_Defect_List!B:B,"") -> FA
C21: =IF(ISTEXT(D21),MAX($C$10:C20)+1,"") -> 11 | D21: Fire Blanket Not Fitted (Sf) | V21: =_xlfn.XLOOKUP(D21,Common_Defect_List!A:A,Common_Defect_List!B:B,"") -> CARP
C22: =IF(ISTEXT(D22),MAX($C$10:C21)+1,"") -> 12 | D22: Co2 Sensor Not Mounted | V22: =_xlfn.XLOOKUP(D22,Common_Defect_List!A:A,Common_Defect_List!B:B,"") -> CARP
C23: =IF(ISTEXT(D23),MAX($C$10:C22)+1,"") -> 13 | D23: saloon door handle loose | V23: CARP
C24: =IF(ISTEXT(D24),MAX($C$10:C23)+1,"") -> 14 | D24: Inverter Not Programmed On Acdc | V24: =_xlfn.XLOOKUP(D24,Common_Defect_List!A:A,Common_Defect_List!B:B,"") -> ELEC
C25: =IF(ISTEXT(D25),MAX($C$10:C24)+1,"") -> 15 | D25: dual shore power switch light is on even with breaker off | V25: ELEC
C26: =IF(ISTEXT(D26),MAX($C$10:C25)+1,"") -> 16 | D26: genset transfer switch light is on even if breaker is off | V26: ELEC
C27: =IF(ISTEXT(D27),MAX($C$10:C26)+1,"") -> 17 | D27: genset transfer is not working | V27: ELEC
C28: =IF(ISTEXT(D28),MAX($C$10:C27)+1,"") -> 18 | D28: incorrect acdc panel labels | V28: ELEC
C29: =IF(ISTEXT(D29),MAX($C$10:C28)+1,"") -> 19 | D29: small conductor under large conductor x3 behind acdc panel | V29: ELEC
C30: =IF(ISTEXT(D30),MAX($C$10:C29)+1,"") -> 20 | D30: Inverter Alarm Not Working | V30: =_xlfn.XLOOKUP(D30,Common_Defect_List!A:A,Common_Defect_List!B:B,"") -> ELEC
C31: =IF(ISTEXT(D31),MAX($C$10:C30)+1,"") -> 21 | D31: acdc panel closing screws are too short | V31: CARP
C32: =IF(ISTEXT(D32),MAX($C$10:C31)+1,"") -> 22 | D32: missing negative bus cover in saloon DB | V32: ELEC
C33: =IF(ISTEXT(D33),MAX($C$10:C32)+1,"") -> 23 | D33: saloon downlights not working | V33: ELEC
C34: =IF(ISTEXT(D34),MAX($C$10:C33)+1,"") -> 24 | D34: 4x missing saloon downlights | V34: ELEC
C35: =IF(ISTEXT(D35),MAX($C$10:C34)+1,"") -> 25 | D35: curtacy lights not working | V35: ELEC
C36: =IF(ISTEXT(D36),MAX($C$10:C35)+1,"") -> 26 | D36: multiple loose ground wires in saloon floor | V36: ELEC
C37: =IF(ISTEXT(D37),MAX($C$10:C36)+1,"") -> 27 | D37: morse control ground wire not connected | V37: ELEC
C38: =IF(ISTEXT(D38),MAX($C$10:C37)+1,"") -> 28 | D38: lynxx blue cover missing | V38: ELEC
C39: =IF(ISTEXT(D39),MAX($C$10:C38)+1,"") -> 29 | D39: shunt blue cover missing | V39: ELEC
C40: =IF(ISTEXT(D40),MAX($C$10:C39)+1,"") -> 30 | D40: mast wiring is incomplete | V40: ELEC
C41: =IF(ISTEXT(D41),MAX($C$10:C40)+1,"") -> 31 | D41: missing mounting screws for main breakers in floor | V41: ELEC
C42: =IF(ISTEXT(D42),MAX($C$10:C41)+1,"") -> 32 | D42: missing labels for main breakers in floor | V42: ELEC
... C53: =IF(ISTEXT(D53),MAX($C$10:C52)+1,"") -> 43 | D53: backbone not terminated | V53: ELEC
C54: =IF(ISTEXT(D54),MAX($C$10:C53)+1,"")
C55: =IF(ISTEXT(D55),MAX($C$10:C54)+1,"")
C56: =IF(ISTEXT(D56),MAX($C$10:C55)+1,"")
C57: =IF(ISTEXT(D57),MAX($C$10:C56)+1,"")
C58: =IF(ISTEXT(D58),MAX($C$10:C57)+1,"")
C59: =IF(ISTEXT(D59),MAX($C$10:C58)+1,"")
C60: =IF(ISTEXT(D60),MAX($C$10:C59)+1,"")
C61: =IF(ISTEXT(D61),MAX($C$10:C60)+1,"")
C62: =IF(ISTEXT(D62),MAX($C$10:C61)+1,"")
B63: The Commissioning Engineer has to list all defects found on the boat after launch within 24hrs.
B65: DATE: | K65: =TODAY() -> 45832
B67: COMMISSIONING ENGINEER: | K67: =$M$7 -> ARL. Van Veen | S67: SIGNATURE:
E69: 24. COMMISSIONING EXCEPTION SHEET | W69: Page 2 of 5
J72: HULL NO: | M72: =M4 -> C1012
I73: CUST REF:
C75: RESPONSIBILITY: | M75: ARL. Van Veen
B77: COMMISSIONING DEFECTS | V77: TASK / JOB | W77: REPR BY (NAME) | X77: COMPL DT | Y77: T/L Sign | Z77: CE SIGN-OFF
D78: STBD AFT CABIN AND HEADS
C79: =IF(ISTEXT(D79),MAX($C$10:C78)+1,"") -> 44 | D79: Leak On Water Heater | V79: =_xlfn.XLOOKUP(D79,Common_Defect_List!A:A,Common_Defect_List!B:B,"") -> PLUM
C80: =IF(ISTEXT(D80),MAX($C$10:C79)+1,"") -> 45 | D80: isolator switch not mounted | V80: CARP
C81: =IF(ISTEXT(D81),MAX($C$10:C80)+1,"") -> 46 | D81: manual fire suppression wire loose | V81: MECH
C82: =IF(ISTEXT(D82),MAX($C$10:C81)+1,"") -> 47 | D82: water heater not draining | V82: CE
C83: =IF(ISTEXT(D83),MAX($C$10:C82)+1,"") -> 48 | D83: missing bilge labels | V83: PLUM
C84: =IF(ISTEXT(D84),MAX($C$10:C83)+1,"") -> 49 | D84: water heater leaking | V84: PLUM
C85: =IF(ISTEXT(D85),MAX($C$10:C84)+1,"") -> 50 | D85: Missing Salt/Fresh Label At Toilet | V85: =_xlfn.XLOOKUP(D85,Common_Defect_List!A:A,Common_Defect_List!B:B,"") -> PLUM
C86: =IF(ISTEXT(D86),MAX($C$10:C85)+1,"") -> 51 | D86: Toilet Seat Loose | V86: =_xlfn.XLOOKUP(D86,Common_Defect_List!A:A,Common_Defect_List!B:B,"") -> PLUM
C87: =IF(ISTEXT(D87),MAX($C$10:C86)+1,"") -> 52 | D87: Basin Mixer Loose | V87: =_xlfn.XLOOKUP(D87,Common_Defect_List!A:A,Common_Defect_List!B:B,"") -> PLUM
C88: =IF(ISTEXT(D88),MAX($C$10:C87)+1,"") -> 53 | D88: ducting is badly installed in ceiling | V88: PLUM
C89: =IF(ISTEXT(D89),MAX($C$10:C88)+1,"")
C90: =IF(ISTEXT(D90),MAX($C$10:C89)+1,"")
C91: =IF(ISTEXT(D91),MAX($C$10:C90)+1,"")
C92: =IF(ISTEXT(D92),MAX($C$10:C91)+1,"")
D93: STBD MID CABIN AND HEADS
C94: =IF(ISTEXT(D94),MAX($C$10:C93)+1,"") -> 54 | D94: not enough light in stbd mid cabin | V94: CE
C95: =IF(ISTEXT(D95),MAX($C$10:C94)+1,"") -> 55 | D95: bottom bunk fan mounted to wall not ceiling | V95: CE
C96: =IF(ISTEXT(D96),MAX($C$10:C95)+1,"") -> 56 | D96: no usb for reading light | V96: ELEC
C97: =IF(ISTEXT(D97),MAX($C$10:C96)+1,"") -> 57 | D97: water tank is dirty | V97: PLUM
C98: =IF(ISTEXT(D98),MAX($C$10:C97)+1,"") -> 58 | D98: heads extractor fan not working | V98: ELEC
C99: =IF(ISTEXT(D99),MAX($C$10:C98)+1,"") -> 59 | D99: heads rope light not working | V99: ELEC
C100: =IF(ISTEXT(D100),MAX($C$10:C99)+1,"") -> 60 | D100: DB missing rail stopper | V100: ELEC
C101: =IF(ISTEXT(D101),MAX($C$10:C100)+1,"") -> 61 | D101: inboard inspection has a pipe that is not draining properly | V101: PLUM
C102: =IF(ISTEXT(D102),MAX($C$10:C101)+1,"") -> 62 | D102: Waste Tank Indicator Not Working | V102: =_xlfn.XLOOKUP(D102,Common_Defect_List!A:A,Common_Defect_List!B:B,"") -> ELEC
C103: =IF(ISTEXT(D103),MAX($C$10:C102)+1,"") -> 63 | D103: Toilet Seat Loose | V103: =_xlfn.XLOOKUP(D103,Common_Defect_List!A:A,Common_Defect_List!B:B,"") -> PLUM
D104: STBD FWD CABIN AND HEADS | V104: =_xlfn.XLOOKUP(D104,Common_Defect_List!A:A,Common_Defect_List!B:B,"")
C105: =IF(ISTEXT(D105),MAX($C$10:C104)+1,"") -> 64 | D105: aircon plug not properly connected | V105: ELEC
C106: =IF(ISTEXT(D106),MAX($C$10:C105)+1,"") -> 65 | D106: shower cold water not working | V106: PLUM
C107: =IF(ISTEXT(D107),MAX($C$10:C106)+1,"") -> 66 | D107: fresh water bleed label not fitted | V107: PLUM
C108: =IF(ISTEXT(D108),MAX($C$10:C107)+1,"") -> 67 | D108: depth transducer dummy plug not on boat | V108: PLUM
C109: =IF(ISTEXT(D109),MAX($C$10:C108)+1,"") -> 68 | D109: Toilet Seat Loose | V109: PLUM
C110: =IF(ISTEXT(D110),MAX($C$10:C109)+1,"") -> 69 | D110: Basin Mixer Loose | V110: PLUM
C111: =IF(ISTEXT(D111),MAX($C$10:C110)+1,"") -> 70 | D111: Toilet Anti-Syphen Leaking | V111: =_xlfn.XLOOKUP(D111,Common_Defect_List!A:A,Common_Defect_List!B:B,"") -> PLUM
C112: =IF(ISTEXT(D112),MAX($C$10:C111)+1,"") -> 71 | D112: Missing Salt/Fresh Label At Toilet | V112: =_xlfn.XLOOKUP(D112,Common_Defect_List!A:A,Common_Defect_List!B:B,"") -> PLUM
C114: =IF(ISTEXT(D114),MAX($C$10:C113)+1,"")
C115: =IF(ISTEXT(D114),MAX($C$10:C114)+1,"")
B116: The Commissioning Engineer has to list all defects found on the boat after launch within 24hrs
B118: DATE: | K118: =$K$65 -> 45832
B120: COMMISSIONING ENGINEER: | K120: =$M$7 -> ARL. Van Veen | S120: SIGNATURE:
E123: 24. COMMISSIONING EXCEPTION SHEET | W123: PAGE 3 OF 5
J126: HULL NO: | M126: =M4 -> C1012
I127: CUST REF:
C129: RESPONSIBILITY: | M129: ARL. Van Veen
...

Sheet C1016
W1: PAGE 1 OF 5
J4: HULL NO: | M4: C1016
I5: CUST REF:
C7: RESPONSIBILITY: | M7: ARL. Van Veen
B9: COMMISSIONING DEFECTS Launch Date : | V9: TASK / JOB | W9: REPR BY (NAME) | X9: COMPL DT | Y9: T/L Sign | Z9: CE SIGN-OFF | AC9: =COUNTIF(V:V,"ELEC") -> 0
D10: SALOON
C11: 1 | D11: genset isolator switch not mounted
C12: =IF(ISTEXT(D12),MAX($C$10:C11)+1,"") -> 2 | D12: grounding plate in port passgar bilge inboard is not connected to ground
C13: =IF(ISTEXT(D13),MAX($C$10:C12)+1,"") -> 3 | D13: 2x amplifiers not fitted
C14: =IF(ISTEXT(D14),MAX($C$10:C13)+1,"") -> 4 | D14: saloon fridge door is falling out
C15: =IF(ISTEXT(D15),MAX($C$10:C14)+1,"") -> 5 | D15: Saloon clear plastic DB cover not mounted
C16: =IF(ISTEXT(D16),MAX($C$10:C15)+1,"") -> 6 | D16: table top not installed
C17: =IF(ISTEXT(D17),MAX($C$10:C16)+1,"") -> 7 | D17: fire blanket not fitted (SF)
C18: =IF(ISTEXT(D18),MAX($C$10:C17)+1,"") -> 8 | D18: House batteries not booted
C19: =IF(ISTEXT(D19),MAX($C$10:C18)+1,"") -> 9 | D19: MFD not showing volts and amps of house battery
C20: =IF(ISTEXT(D20),MAX($C$10:C19)+1,"") -> 10 | D20: MFD showing stbd engine bilge is constantly running
C21: =IF(ISTEXT(D21),MAX($C$10:C20)+1,"") -> 11 | D21: Main DB not mounted
C22: =IF(ISTEXT(D22),MAX($C$10:C21)+1,"") -> 12 | D22: CO2 sensor not mounted
C23: =IF(ISTEXT(D23),MAX($C$10:C22)+1,"") -> 13 | D23: autopilot cross wired
... C35: =IF(ISTEXT(D35),MAX($C$10:C34)+1,"") -> 25 | D35: saloon door needs to be set
C36: =IF(ISTEXT(D36),MAX($C$10:C35)+1,"")
C37: =IF(ISTEXT(D37),MAX($C$10:C36)+1,"")
C38: =IF(ISTEXT(D38),MAX($C$10:C37)+1,"")
C39: =IF(ISTEXT(D39),MAX($C$10:C38)+1,"")
C40: =IF(ISTEXT(D40),MAX($C$10:C39)+1,"")
C41: =IF(ISTEXT(D41),MAX($C$10:C40)+1,"")
C42: =IF(ISTEXT(D42),MAX($C$10:C41)+1,"")
C43: =IF(ISTEXT(D43),MAX($C$10:C42)+1,"")
C44: =IF(ISTEXT(D44),MAX($C$10:C43)+1,"")
C45: =IF(ISTEXT(D45),MAX($C$10:C44)+1,"")
C46: =IF(ISTEXT(D46),MAX($C$10:C45)+1,"")
C47: =IF(ISTEXT(D47),MAX($C$10:C46)+1,"")
... C62: =IF(ISTEXT(D62),MAX($C$10:C61)+1,"")
B63: The Commissioning Engineer has to list all defects found on the boat after launch within 24hrs.
B65: DATE: | K65: =TODAY() -> 45832
B67: COMMISSIONING ENGINEER: | K67: =$M$7 -> ARL. Van Veen | S67: SIGNATURE:
E69: 24. COMMISSIONING EXCEPTION SHEET | W69: Page 2 of 5
J72: HULL NO: | M72: =M4 -> C1016
I73: CUST REF:
C75: RESPONSIBILITY: | M75: ARL. Van Veen
B77: COMMISSIONING DEFECTS | V77: TASK / JOB | W77: REPR BY (NAME) | X77: COMPL DT | Y77: T/L Sign | Z77: CE SIGN-OFF
D78: STBD AFT CABIN AND HEADS
C79: =IF(ISTEXT(D79),MAX($C$10:C78)+1,"")
C80: =IF(ISTEXT(D80),MAX($C$10:C79)+1,"") -> 26 | D80: aircon not draining
C81: =IF(ISTEXT(D81),MAX($C$10:C80)+1,"") -> 27 | D81: cabin, heads and reading lights not working
C82: =IF(ISTEXT(D82),MAX($C$10:C81)+1,"") -> 28 | D82: cabin fan not working
C83: =IF(ISTEXT(D83),MAX($C$10:C82)+1,"") -> 29 | D83: waste tank indicator light not fitted
C84: =IF(ISTEXT(D84),MAX($C$10:C83)+1,"") -> 30 | D84: leak below toilet
C85: =IF(ISTEXT(D85),MAX($C$10:C84)+1,"") -> 31 | D85: Toilet Seat Loose
C86: =IF(ISTEXT(D86),MAX($C$10:C85)+1,"") -> 32 | D86: missing salt/fresh label at toilet
C87: =IF(ISTEXT(D87),MAX($C$10:C86)+1,"") -> 33 | D87: low level bilge float not working
C88: =IF(ISTEXT(D88),MAX($C$10:C87)+1,"")
C89: =IF(ISTEXT(D89),MAX($C$10:C88)+1,"")
C90: =IF(ISTEXT(D90),MAX($C$10:C89)+1,"")
C91: =IF(ISTEXT(D91),MAX($C$10:C90)+1,"")
C92: =IF(ISTEXT(D92),MAX($C$10:C91)+1,"")
C93: =IF(ISTEXT(D93),MAX($C$10:C92)+1,"")
C94: =IF(ISTEXT(D94),MAX($C$10:C93)+1,"")
C95: =IF(ISTEXT(D95),MAX($C$10:C94)+1,"")
C96: =IF(ISTEXT(D96),MAX($C$10:C95)+1,"")
D97: STBD FWD CABIN & HEADS
C98: =IF(ISTEXT(D98),MAX($C$10:C97)+1,"") -> 34 | D98: aircon not working
C99: =IF(ISTEXT(D99),MAX($C$10:C98)+1,"") -> 35 | D99: cabin, heads and reading lights not working
C100: =IF(ISTEXT(D100),MAX($C$10:C99)+1,"") -> 36 | D100: cabin fan not working
C101: =IF(ISTEXT(D101),MAX($C$10:C100)+1,"") -> 37 | D101: gas pipes not connected (gas installation incomplete)
C102: =IF(ISTEXT(D102),MAX($C$10:C101)+1,"") -> 38 | D102: shower leaking into bilge
C103: =IF(ISTEXT(D103),MAX($C$10:C102)+1,"") -> 39 | D103: bidet leaking at wall outlet
C104: =IF(ISTEXT(D104),MAX($C$10:C103)+1,"") -> 40 | D104: missing salt/fresh label at toilet
C105: =IF(ISTEXT(D105),MAX($C$10:C104)+1,"") -> 41 | D105: waste water tank leaking
C106: =IF(ISTEXT(D106),MAX($C$10:C105)+1,"") -> 42 | D106: waste water tank indicator light not working
C107: =IF(ISTEXT(D107),MAX($C$10:C106)+1,"") -> 43 | D107: missing salt/fresh label for toilet
C108: =IF(ISTEXT(D108),MAX($C$10:C107)+1,"") -> 44 | D108: toilet salt/fresh is cross wired
C109: =IF(ISTEXT(D109),MAX($C$10:C108)+1,"") -> 45 | D109: missing c clips on shower rose
... C112: =IF(ISTEXT(D112),MAX($C$10:C111)+1,"") -> 48 | D112: deckwash pump running inconsistently
C114: =IF(ISTEXT(D114),MAX($C$10:C113)+1,"")
C115: =IF(ISTEXT(D114),MAX($C$10:C114)+1,"")
B116: The Commissioning Engineer has to list all defects found on the boat after launch within 24hrs
B118: DATE: | K118: =$K$65 -> 45832
B120: COMMISSIONING ENGINEER: | K120: =$M$7 -> ARL. Van Veen | S120: SIGNATURE:
E123: 24. COMMISSIONING EXCEPTION SHEET | W123: PAGE 3 OF 5
J126: HULL NO: | M126: =M4 -> C1016
I127: CUST REF:
C129: RESPONSIBILITY: | M129: ARL. Van Veen
B131: COMMISSIONING DEFECTS | V131: TASK / JOB | W131: REPR BY (NAME) | X131: COMPL DT | Y131: T/L Sign | Z131: CE SIGN-OFF
D132: PORT FWD CABIN & Heads
C133: =IF(ISTEXT(D133),MAX($C$10:C132)+1,"") -> 49 | D133: aircon not working
C134: =IF(ISTEXT(D134),MAX($C$10:C133)+1,"") -> 50 | D134: shower head leaking
C135: =IF(ISTEXT(D135),MAX($C$10:C134)+1,"") -> 51 | D135: toilet flush defective
C136: =IF(ISTEXT(D136),MAX($C$10:C135)+1,"") -> 52 | D136: clean generator raw water filter
C137: =IF(ISTEXT(D137),MAX($C$10:C136)+1,"") -> 53 | D137: cabin heads and reading lights not working
C138: =IF(ISTEXT(D138),MAX($C$10:C137)+1,"") -> 54 | D138: cabin fan not working
C139: =IF(ISTEXT(D139),MAX($C$10:C138)+1,"") -> 55 | D139: Inverter not powering up
C140: =IF(ISTEXT(D140),MAX($C$10:C139)+1,"") -> 56 | D140: Incomplete wiring on DB
C141: =IF(ISTEXT(D141),MAX($C$10:C140)+1,"") -> 57 | D141: Incorrect wiring on finder relay for genset
C142: =IF(ISTEXT(D142),MAX($C$10:C141)+1,"") -> 58 | D142: Aircon Pump Not Wired
C143: =IF(ISTEXT(D143),MAX($C$10:C142)+1,"") -> 59 | D143: cabin door missing a magnet stopper
C144: =IF(ISTEXT(D144),MAX($C$10:C143)+1,"") -> 60 | D144: watermaker control box not mounted
C145: =IF(ISTEXT(D145),MAX($C$10:C144)+1,"")
C146: =IF(ISTEXT(D146),MAX($C$10:C145)+1,"")
D148: PORT AFT CABIN & Heads
...

Sheet C1010
W1: PAGE 1 OF 5
J4: HULL NO: | M4: C1010
I5: CUST REF:
C7: RESPONSIBILITY: | M7: ARL. Van Veen
B9: COMMISSIONING DEFECTS Launch Date : | V9: TASK / JOB | W9: REPR BY (NAME) | X9: COMPL DT | Y9: T/L Sign | Z9: CE SIGN-OFF | AC9: =COUNTIF(V:V,"ELEC") -> 0
D10: SALOON
C11: 1 | D11: Feedback On Autopilot Breaker On Acdc
C12: =IF(ISTEXT(D12),MAX($C$10:C11)+1,"") -> 2 | D12: VHF antenna not connected (CO-X plugs on SF)
C13: =IF(ISTEXT(D13),MAX($C$10:C12)+1,"") -> 3 | D13: 2x amplifiers on SF
C14: =IF(ISTEXT(D14),MAX($C$10:C13)+1,"") -> 4 | D14: LPG monitor mounted skew
C15: =IF(ISTEXT(D15),MAX($C$10:C14)+1,"") -> 5 | D15: Saloon clear plastic DB cover not mounted
C16: =IF(ISTEXT(D16),MAX($C$10:C15)+1,"") -> 6 | D16: table top not installed
C17: =IF(ISTEXT(D17),MAX($C$10:C16)+1,"") -> 7 | D17: fire blanket not fitted (SF)
C18: =IF(ISTEXT(D18),MAX($C$10:C17)+1,"") -> 8 | D18: House batteries not booted
C19: =IF(ISTEXT(D19),MAX($C$10:C18)+1,"") -> 9 | D19: Lynxx 2 & shunt cover not mounted
C20: =IF(ISTEXT(D20),MAX($C$10:C19)+1,"") -> 10 | D20: helm alarm buzzer not mounted
C21: =IF(ISTEXT(D21),MAX($C$10:C20)+1,"") -> 11 | D21: Main DB not mounted
C22: =IF(ISTEXT(D22),MAX($C$10:C21)+1,"") -> 12 | D22: water pressure pump light on ACDC is flashing
C23: =IF(ISTEXT(D23),MAX($C$10:C22)+1,"") -> 13 | D23: saloon tap cross plumbed
... C32: =IF(ISTEXT(D32),MAX($C$10:C31)+1,"") -> 22 | D32: ACDC panel has no mounting skrews
C33: =IF(ISTEXT(D32),MAX($C$10:C32)+1,"") -> 23 | D33: bilge alarm panel loose
C34: =IF(ISTEXT(D34),MAX($C$10:C33)+1,"") -> 24 | D34: brken black plastic wire cover behind ACDC panel
C35: =IF(ISTEXT(D35),MAX($C$10:C34)+1,"") -> 25 | D35: aircon switching on wrong pump
C36: =IF(ISTEXT(D36),MAX($C$10:C35)+1,"") -> 26 | D36: Stbd aircon switches on the wrong LED on the ACDC panel
C37: =IF(ISTEXT(D37),MAX($C$10:C36)+1,"") -> 27 | D37: telly mute not working
C38: =IF(ISTEXT(D38),MAX($C$10:C37)+1,"") -> 28 | D38: autopilot cross wired
C39: =IF(ISTEXT(D39),MAX($C$10:C38)+1,"") -> 29 | D39: delay on 220V cluster from genset switch
C40: =IF(ISTEXT(D40),MAX($C$10:C39)+1,"") -> 30 | D40: CO2 sensor not mounted
C41: =IF(ISTEXT(D41),MAX($C$10:C40)+1,"")
C42: =IF(ISTEXT(D42),MAX($C$10:C41)+1,"")
C43: =IF(ISTEXT(D43),MAX($C$10:C42)+1,"")
C44: =IF(ISTEXT(D44),MAX($C$10:C43)+1,"")
C45: =IF(ISTEXT(D45),MAX($C$10:C44)+1,"")
C46: =IF(ISTEXT(D46),MAX($C$10:C45)+1,"")
C47: =IF(ISTEXT(D47),MAX($C$10:C46)+1,"")
C48: =IF(ISTEXT(D48),MAX($C$10:C47)+1,"")
C49: =IF(ISTEXT(D49),MAX($C$10:C48)+1,"")
C50: =IF(ISTEXT(D50),MAX($C$10:C49)+1,"")
C51: =IF(ISTEXT(D51),MAX($C$10:C50)+1,"")
C52: =IF(ISTEXT(D52),MAX($C$10:C51)+1,"")
... C62: =IF(ISTEXT(D62),MAX($C$10:C61)+1,"")
B63: The Commissioning Engineer has to list all defects found on the boat after launch within 24hrs.
B65: DATE: | K65: =TODAY() -> 45832
B67: COMMISSIONING ENGINEER: | K67: =$M$7 -> ARL. Van Veen | S67: SIGNATURE:
E69: 24. COMMISSIONING EXCEPTION SHEET | W69: Page 2 of 5
J72: HULL NO: | M72: =M4 -> C1010
I73: CUST REF:
C75: RESPONSIBILITY: | M75: ARL. Van Veen
B77: COMMISSIONING DEFECTS | V77: TASK / JOB | W77: REPR BY (NAME) | X77: COMPL DT | Y77: T/L Sign | Z77: CE SIGN-OFF
D78: STBD AFT CABIN AND HEADS
C79: =IF(ISTEXT(D79),MAX($C$10:C78)+1,"") -> 31 | D79: cabin fan cross wired
C80: =IF(ISTEXT(D80),MAX($C$10:C79)+1,"") -> 32 | D80: aircon not draining
C81: =IF(ISTEXT(D81),MAX($C$10:C80)+1,"") -> 33 | D81: water heater pipes kinked
C82: =IF(ISTEXT(D82),MAX($C$10:C81)+1,"") -> 34 | D82: leak on water heater hot water
C83: =IF(ISTEXT(D83),MAX($C$10:C82)+1,"") -> 35 | D83: coolant leak on water heater
C84: =IF(ISTEXT(D84),MAX($C$10:C83)+1,"") -> 36 | D84: Fuel Tank Brace Loose
C85: =IF(ISTEXT(D85),MAX($C$10:C84)+1,"") -> 37 | D85: Toilet Seat Loose
C86: =IF(ISTEXT(D86),MAX($C$10:C85)+1,"") -> 38 | D86: missing salt/fresh label at toilet
C87: =IF(ISTEXT(D87),MAX($C$10:C86)+1,"")
C88: =IF(ISTEXT(D88),MAX($C$10:C87)+1,"")
C89: =IF(ISTEXT(D89),MAX($C$10:C88)+1,"")
C90: =IF(ISTEXT(D90),MAX($C$10:C89)+1,"")
C91: =IF(ISTEXT(D91),MAX($C$10:C90)+1,"")
C92: =IF(ISTEXT(D92),MAX($C$10:C91)+1,"")
C93: =IF(ISTEXT(D93),MAX($C$10:C92)+1,"")
C94: =IF(ISTEXT(D94),MAX($C$10:C93)+1,"")
C95: =IF(ISTEXT(D95),MAX($C$10:C94)+1,"")
C96: =IF(ISTEXT(D96),MAX($C$10:C95)+1,"")
D97: STBD FWD CABIN & HEADS
C98: =IF(ISTEXT(D98),MAX($C$10:C97)+1,"") -> 39 | D98: sniffer wiring not strapped
C99: =IF(ISTEXT(D99),MAX($C$10:C98)+1,"") -> 40 | D99: aircon ball valve not labeled
C100: =IF(ISTEXT(D100),MAX($C$10:C99)+1,"") -> 41 | D100: depth transducer not labeled
C101: =IF(ISTEXT(D101),MAX($C$10:C100)+1,"") -> 42 | D101: missing aircon pump label
C102: =IF(ISTEXT(D102),MAX($C$10:C101)+1,"") -> 43 | D102: shower leaking into bilge
C103: =IF(ISTEXT(D103),MAX($C$10:C102)+1,"") -> 44 | D103: shower gulley constantly running
C104: =IF(ISTEXT(D104),MAX($C$10:C103)+1,"") -> 45 | D104: missing salt/fresh label at toilet
C105: =IF(ISTEXT(D105),MAX($C$10:C104)+1,"") -> 46 | D105: waste water tank leaking
C106: =IF(ISTEXT(D106),MAX($C$10:C105)+1,"") -> 47 | D106: waste water tank indicator light not working
C107: =IF(ISTEXT(D107),MAX($C$10:C106)+1,"")
C108: =IF(ISTEXT(D108),MAX($C$10:C107)+1,"")
C109: =IF(ISTEXT(D109),MAX($C$10:C108)+1,"")
C110: =IF(ISTEXT(D110),MAX($C$10:C109)+1,"")
C111: =IF(ISTEXT(D111),MAX($C$10:C110)+1,"")
C112: =IF(ISTEXT(D112),MAX($C$10:C111)+1,"")
C114: =IF(ISTEXT(D114),MAX($C$10:C113)+1,"")
C115: =IF(ISTEXT(D114),MAX($C$10:C114)+1,"")
B116: The Commissioning Engineer has to list all defects found on the boat after launch within 24hrs
B118: DATE: | K118: =$K$65 -> 45832
B120: COMMISSIONING ENGINEER: | K120: =$M$7 -> ARL. Van Veen | S120: SIGNATURE:
E123: 24. COMMISSIONING EXCEPTION SHEET | W123: PAGE 3 OF 5
J126: HULL NO: | M126: =M4 -> C1010
I127: CUST REF:
C129: RESPONSIBILITY: | M129: ARL. Van Veen
B131: COMMISSIONING DEFECTS | V131: TASK / JOB | W131: REPR BY (NAME) | X131: COMPL DT | Y131: T/L Sign | Z131: CE SIGN-OFF
D132: PORT FWD CABIN & Heads
C133: =IF(ISTEXT(D133),MAX($C$10:C132)+1,"") -> 48 | D133: aircon not working
C134: =IF(ISTEXT(D134),MAX($C$10:C133)+1,"") -> 49 | D134: shower head leaking
C135: =IF(ISTEXT(D135),MAX($C$10:C134)+1,"") -> 50 | D135: toilet flush defective
C136: =IF(ISTEXT(D136),MAX($C$10:C135)+1,"") -> 51 | D136: clean generator raw water filter
C137: =IF(ISTEXT(D137),MAX($C$10:C136)+1,"")
...

Sheet C1009
W1: PAGE 1 OF 5
J4: HULL NO: | M4: C1009
I5: CUST REF:
C7: RESPONSIBILITY: | M7: ARL. Van Veen
B9: COMMISSIONING DEFECTS Launch Date : | V9: TASK / JOB | W9: REPR BY (NAME) | X9: COMPL DT | Y9: T/L Sign | Z9: CE SIGN-OFF | AC9: =COUNTIF(V:V,"ELEC") -> 36
D10: SALOON
C11: 1 | D11: david breaker is a different size to the other breakers | V11: ELEC
C12: =IF(ISTEXT(D12),MAX($C$10:C11)+1,"") -> 2 | D12: genset volts and hertz not set | V12: ELEC
C13: =IF(ISTEXT(D13),MAX($C$10:C12)+1,"") -> 3 | D13: bilge alarm panel not mounted on ACDC | V13: ELEC
C14: =IF(ISTEXT(D14),MAX($C$10:C13)+1,"") -> 4 | D14: outlet at TV not mounted | V14: CARP
C15: =IF(ISTEXT(D15),MAX($C$10:C14)+1,"") -> 5 | D15: missing boots on deck winch motors | V15: ELEC
C16: =IF(ISTEXT(D16),MAX($C$10:C15)+1,"") -> 6 | D16: curtacy light wiring wrong | V16: ELEC
C17: =IF(ISTEXT(D17),MAX($C$10:C16)+1,"") -> 7 | D17: under basin locker has no catch fitted | V17: CARP
C18: =IF(ISTEXT(D18),MAX($C$10:C17)+1,"") -> 8 | D18: nav desk front loosely mounted | V18: CARP
C19: =IF(ISTEXT(D19),MAX($C$10:C18)+1,"") -> 9 | D19: breakers not labeled at house batteries | V19: ELEC
C20: =IF(ISTEXT(D20),MAX($C$10:C19)+1,"") -> 10 | D20: house battery brace loose | V20: MECH
C21: =IF(ISTEXT(D21),MAX($C$10:C20)+1,"") -> 11 | D21: incorrect jump in main DB at AC wiring | V21: ELEC
C22: =IF(ISTEXT(D22),MAX($C$10:C21)+1,"") -> 12 | D22: missing cover on main negative DC terminal on main DB | V22: ELEC
C23: =IF(ISTEXT(D23),MAX($C$10:C22)+1,"") -> 13 | D23: main DB not mounted | V23: FA
... C29: =IF(ISTEXT(D29),MAX($C$10:C28)+1,"") -> 19 | D29: ACDC panel labels incomplete | V29: ELEC
C30: =IF(ISTEXT(D30),MAX($C$10:C29)+1,"")
C31: =IF(ISTEXT(D31),MAX($C$10:C30)+1,"")
C32: =IF(ISTEXT(D32),MAX($C$10:C31)+1,"")
C33: =IF(ISTEXT(D32),MAX($C$10:C32)+1,"")
C34: =IF(ISTEXT(D34),MAX($C$10:C33)+1,"")
C35: =IF(ISTEXT(D35),MAX($C$10:C34)+1,"")
C36: =IF(ISTEXT(D36),MAX($C$10:C35)+1,"")
C37: =IF(ISTEXT(D37),MAX($C$10:C36)+1,"")
C38: =IF(ISTEXT(D38),MAX($C$10:C37)+1,"")
C39: =IF(ISTEXT(D39),MAX($C$10:C38)+1,"")
C40: =IF(ISTEXT(D40),MAX($C$10:C39)+1,"")
C41: =IF(ISTEXT(D41),MAX($C$10:C40)+1,"")
C42: =IF(ISTEXT(D42),MAX($C$10:C41)+1,"")
C43: =IF(ISTEXT(D43),MAX($C$10:C42)+1,"")
C44: =IF(ISTEXT(D44),MAX($C$10:C43)+1,"")
C45: =IF(ISTEXT(D45),MAX($C$10:C44)+1,"")
... C62: =IF(ISTEXT(D62),MAX($C$10:C61)+1,"")
B63: The Commissioning Engineer has to list all defects found on the boat after launch within 24hrs.
B65: DATE: | K65: =TODAY() -> 45832
B67: COMMISSIONING ENGINEER: | K67: =$M$7 -> ARL. Van Veen | S67: SIGNATURE:
E69: 24. COMMISSIONING EXCEPTION SHEET | W69: Page 2 of 5
J72: HULL NO: | M72: =M4 -> C1009
I73: CUST REF:
C75: RESPONSIBILITY: | M75: ARL. Van Veen
B77: COMMISSIONING DEFECTS | V77: TASK / JOB | W77: REPR BY (NAME) | X77: COMPL DT | Y77: T/L Sign | Z77: CE SIGN-OFF
D78: STBD AFT CABIN AND HEADS
C79: =IF(ISTEXT(D79),MAX($C$10:C78)+1,"") -> 20 | D79: strip light not connected | V79: ELEC
C80: =IF(ISTEXT(D80),MAX($C$10:C79)+1,"") -> 21 | D80: fuel tank level sensor wire not cradled | V80: ELEC
C81: =IF(ISTEXT(D81),MAX($C$10:C80)+1,"") -> 22 | D81: leak on water heater | V81: PLUM
C82: =IF(ISTEXT(D82),MAX($C$10:C81)+1,"") -> 23 | D82: fuel bleed leaking | V82: MECH
C83: =IF(ISTEXT(D83),MAX($C$10:C82)+1,"") -> 24 | D83: fuel tank level low | V83: MECH
C84: =IF(ISTEXT(D84),MAX($C$10:C83)+1,"") -> 25 | D84: missing screw on fire boy | V84: ELEC
C85: =IF(ISTEXT(D85),MAX($C$10:C84)+1,"") -> 26 | D85: loose wires inboard in inspection | V85: ELEC
C86: =IF(ISTEXT(D86),MAX($C$10:C85)+1,"") -> 27 | D86: loose morse control cables in inboard inspection | V86: MECH
C87: =IF(ISTEXT(D87),MAX($C$10:C86)+1,"") -> 28 | D87: aircon not draining properly | V87: PLUM
C88: =IF(ISTEXT(D88),MAX($C$10:C87)+1,"") -> 29 | D88: no catch for cabin door | V88: CARP
C89: =IF(ISTEXT(D89),MAX($C$10:C88)+1,"") -> 30 | D89: no brackets for bottom cupboards | V89: CARP
C90: =IF(ISTEXT(D90),MAX($C$10:C89)+1,"") -> 31 | D90: saloon fridge compressor wires not strapped | V90: ELEC
... C104: =IF(ISTEXT(D104),MAX($C$10:C103)+1,"") -> 45 | D104: unused cradle above waste tank | V104: MECH
C105: =IF(ISTEXT(D105),MAX($C$10:C104)+1,"")
C106: =IF(ISTEXT(D106),MAX($C$10:C105)+1,"")
C107: =IF(ISTEXT(D107),MAX($C$10:C106)+1,"")
C108: =IF(ISTEXT(D108),MAX($C$10:C107)+1,"")
C109: =IF(ISTEXT(D109),MAX($C$10:C108)+1,"")
C110: =IF(ISTEXT(D110),MAX($C$10:C109)+1,"")
C111: =IF(ISTEXT(D111),MAX($C$10:C110)+1,"")
C112: =IF(ISTEXT(D112),MAX($C$10:C111)+1,"")
D113: STBD FWD CABIN & HEADS
C114: =IF(ISTEXT(D114),MAX($C$10:C113)+1,"") -> 46 | D114: 2x missing stoppers on bleed valves in bilge | V114: PLUM
C115: =IF(ISTEXT(D114),MAX($C$10:C114)+1,"") -> 47 | D115: aircon pump outlet pipe not connected | V115: PLUM
B116: The Commissioning Engineer has to list all defects found on the boat after launch within 24hrs
B118: DATE: | K118: =$K$65 -> 45832
B120: COMMISSIONING ENGINEER: | K120: =$M$7 -> ARL. Van Veen | S120: SIGNATURE:
E123: 24. COMMISSIONING EXCEPTION SHEET | W123: PAGE 3 OF 5
J126: HULL NO: | M126: =M4 -> C1009
I127: CUST REF:
C129: RESPONSIBILITY: | M129: ARL. Van Veen
B131: COMMISSIONING DEFECTS | V131: TASK / JOB | W131: REPR BY (NAME) | X131: COMPL DT | Y131: T/L Sign | Z131: CE SIGN-OFF
C132: =IF(ISTEXT(D132),MAX($C$10:C131)+1,"") -> 48 | D132: depth transducer wire badly layed | V132: ELEC
C133: =IF(ISTEXT(D133),MAX($C$10:C132)+1,"") -> 49 | D133: fresh water leak at freash water pump | V133: PLUM
C134: =IF(ISTEXT(D134),MAX($C$10:C133)+1,"") -> 50 | D134: heads light switch loose | V134: FA
C135: =IF(ISTEXT(D135),MAX($C$10:C134)+1,"") -> 51 | D135: toilet salt/fresh crossed | V135: ELEC
C136: =IF(ISTEXT(D136),MAX($C$10:C135)+1,"") -> 52 | D136: Toilet Seat Loose | V136: PLUM
C137: =IF(ISTEXT(D137),MAX($C$10:C136)+1,"") -> 53 | D137: Toilet Loose | V137: PLUM
C138: =IF(ISTEXT(D138),MAX($C$10:C137)+1,"") -> 54 | D138: waste tank indicator light wires not strapped | V138: ELEC
C139: =IF(ISTEXT(D139),MAX($C$10:C138)+1,"") -> 55 | D139: shower leaking into bilge through inspection panel | V139: FA
C140: =IF(ISTEXT(D140),MAX($C$10:C139)+1,"") -> 56 | D140: basin mixer leaking | V140: PLUM
C141: =IF(ISTEXT(D141),MAX($C$10:C140)+1,"")
C142: =IF(ISTEXT(D142),MAX($C$10:C141)+1,"")
C143: =IF(ISTEXT(D143),MAX($C$10:C142)+1,"")
C144: =IF(ISTEXT(D144),MAX($C$10:C143)+1,"")
C145: =IF(ISTEXT(D145),MAX($C$10:C144)+1,"")
C146: =IF(ISTEXT(D146),MAX($C$10:C145)+1,"")
D148: PORT AFT CABIN & Heads
C149: =IF(ISTEXT(D149),MAX($C$10:C148)+1,"") -> 57 | D149: missing rope light | V149: ELEC
C150: =IF(ISTEXT(D150),MAX($C$10:C149)+1,"") -> 58 | D150: toilet salt/fresh cross wired | V150: ELEC
C151: =IF(ISTEXT(D151),MAX($C$10:C150)+1,"") -> 59 | D151: Toilet Seat Loose | V151: PLUM
C152: =IF(ISTEXT(D152),MAX($C$10:C151)+1,"") -> 60 | D152: c-clips missing on fresh water bleed | V152: PLUM
C153: =IF(ISTEXT(D153),MAX($C$10:C152)+1,"") -> 61 | D153: unstrapped wiring at yachtsense inspection | V153: ELEC
C154: =IF(ISTEXT(D154),MAX($C$10:C153)+1,"") -> 62 | D154: vanity mirror SF | V154: FA
...

Sheet C1008
W1: PAGE 1 OF 5
J4: HULL NO: | M4: C1008
I5: CUST REF:
C7: RESPONSIBILITY: | M7: ARL. Van Veen
B9: COMMISSIONING DEFECTS Launch Date : | V9: TASK / JOB | W9: REPR BY (NAME) | X9: COMPL DT | Y9: T/L Sign | Z9: CE SIGN-OFF | AC9: =COUNTIF(V:V,"ELEC") -> 29
D10: SALOON
C11: 1 | D11: genset not charging boat | V11: ELEC
C12: =IF(ISTEXT(D12),MAX($C$10:C11)+1,"") -> 2 | D12: bilge low level has an alarm (it should not) | V12: ELEC
C13: =IF(ISTEXT(D13),MAX($C$10:C12)+1,"") -> 3 | D13: bilge indicator panel loose on acdc | V13: ELEC
C14: =IF(ISTEXT(D14),MAX($C$10:C13)+1,"") -> 4 | D14: david breaker not fitted | V14: ELEC
C15: =IF(ISTEXT(D15),MAX($C$10:C14)+1,"") -> 5 | D15: Inverter Not Programmed On Acdc | V15: ELEC
C16: =IF(ISTEXT(D16),MAX($C$10:C15)+1,"") -> 6 | D16: AC meter incorrectly programmed | V16: ELEC
C17: =IF(ISTEXT(D17),MAX($C$10:C16)+1,"") -> 7 | D17: DC meter indicator arrow cross wired | V17: ELEC
C18: =IF(ISTEXT(D18),MAX($C$10:C17)+1,"") -> 8 | D18: missing back cover on ACDC panel | V18: ELEC
C19: =IF(ISTEXT(D19),MAX($C$10:C18)+1,"") -> 9 | D19: Filter Tap Loose | V19: PLUM
C20: =IF(ISTEXT(D20),MAX($C$10:C19)+1,"") -> 10 | D20: HOB not igniting | V20: ELEC
C21: =IF(ISTEXT(D21),MAX($C$10:C20)+1,"") -> 11 | D21: downlights fitted skew | V21: FA
C22: =IF(ISTEXT(D22),MAX($C$10:C21)+1,"") -> 12 | D22: lynxx 2 covers not fitted | V22: ELEC
C23: =IF(ISTEXT(D23),MAX($C$10:C22)+1,"") -> 13 | D23: lynxx 2 inspection has no finger hole | V23: CARP
C24: =IF(ISTEXT(D24),MAX($C$10:C23)+1,"")
C25: =IF(ISTEXT(D25),MAX($C$10:C24)+1,"")
C26: =IF(ISTEXT(D26),MAX($C$10:C25)+1,"")
C27: =IF(ISTEXT(D27),MAX($C$10:C26)+1,"")
C28: =IF(ISTEXT(D28),MAX($C$10:C27)+1,"")
C29: =IF(ISTEXT(D29),MAX($C$10:C28)+1,"")
C30: =IF(ISTEXT(D30),MAX($C$10:C29)+1,"")
C31: =IF(ISTEXT(D31),MAX($C$10:C30)+1,"")
C32: =IF(ISTEXT(D32),MAX($C$10:C31)+1,"")
C33: =IF(ISTEXT(D32),MAX($C$10:C32)+1,"")
C34: =IF(ISTEXT(D34),MAX($C$10:C33)+1,"")
C35: =IF(ISTEXT(D35),MAX($C$10:C34)+1,"")
C36: =IF(ISTEXT(D36),MAX($C$10:C35)+1,"")
C37: =IF(ISTEXT(D37),MAX($C$10:C36)+1,"")
C38: =IF(ISTEXT(D38),MAX($C$10:C37)+1,"")
C39: =IF(ISTEXT(D39),MAX($C$10:C38)+1,"")
C40: =IF(ISTEXT(D40),MAX($C$10:C39)+1,"")
C41: =IF(ISTEXT(D41),MAX($C$10:C40)+1,"")
C42: =IF(ISTEXT(D42),MAX($C$10:C41)+1,"")
C43: =IF(ISTEXT(D43),MAX($C$10:C42)+1,"")
C44: =IF(ISTEXT(D44),MAX($C$10:C43)+1,"")
C45: =IF(ISTEXT(D45),MAX($C$10:C44)+1,"")
... C62: =IF(ISTEXT(D62),MAX($C$10:C61)+1,"")
B63: The Commissioning Engineer has to list all defects found on the boat after launch within 24hrs.
B65: DATE: | K65: =TODAY() -> 45832
B67: COMMISSIONING ENGINEER: | K67: =$M$7 -> ARL. Van Veen | S67: SIGNATURE:
E69: 24. COMMISSIONING EXCEPTION SHEET | W69: Page 2 of 5
J72: HULL NO: | M72: =M4 -> C1008
I73: CUST REF:
C75: RESPONSIBILITY: | M75: ARL. Van Veen
B77: COMMISSIONING DEFECTS | V77: TASK / JOB | W77: REPR BY (NAME) | X77: COMPL DT | Y77: T/L Sign | Z77: CE SIGN-OFF
D78: STBD AFT CABIN AND HEADS
C79: =IF(ISTEXT(D79),MAX($C$10:C78)+1,"") -> 14 | D79: cabin light wires not pulled through | V79: ELEC
C80: =IF(ISTEXT(D80),MAX($C$10:C79)+1,"") -> 15 | D80: incomplete loose wires above steering pulley | V80: ELEC
C81: =IF(ISTEXT(D81),MAX($C$10:C80)+1,"") -> 16 | D81: toilet salt/fresh switch not labeled | V81: PLUM
C82: =IF(ISTEXT(D82),MAX($C$10:C81)+1,"") -> 17 | D82: toilet salt/fresh water cross plumbed | V82: PLUM
C83: =IF(ISTEXT(D83),MAX($C$10:C82)+1,"") -> 18 | D83: toilet base loose | V83: PLUM
C84: =IF(ISTEXT(D84),MAX($C$10:C83)+1,"") -> 19 | D84: Toilet Seat Loose | V84: PLUM
C85: =IF(ISTEXT(D85),MAX($C$10:C84)+1,"") -> 20 | D85: waste tank outlet pipe badly fitted and kinked | V85: PLUM
C86: =IF(ISTEXT(D86),MAX($C$10:C85)+1,"") -> 21 | D86: Basin Mixer Cross Plumbed | V86: PLUM
C87: =IF(ISTEXT(D87),MAX($C$10:C86)+1,"") -> 22 | D87: shower mixer loose | V87: PLUM
C88: =IF(ISTEXT(D88),MAX($C$10:C87)+1,"") -> 23 | D88: basin hot water leaking | V88: PLUM
C89: =IF(ISTEXT(D89),MAX($C$10:C88)+1,"") -> 24 | D89: Shower Rose Leaking | V89: PLUM
C90: =IF(ISTEXT(D90),MAX($C$10:C89)+1,"") -> 25 | D90: shower mixer backplate not properly sealed | V90: PLUM
C91: =IF(ISTEXT(D91),MAX($C$10:C90)+1,"")
C92: =IF(ISTEXT(D92),MAX($C$10:C91)+1,"")
C93: =IF(ISTEXT(D93),MAX($C$10:C92)+1,"")
C94: =IF(ISTEXT(D94),MAX($C$10:C93)+1,"")
C95: =IF(ISTEXT(D95),MAX($C$10:C94)+1,"")
C96: =IF(ISTEXT(D96),MAX($C$10:C95)+1,"")
C97: =IF(ISTEXT(D97),MAX($C$10:C96)+1,"")
D98: STBD MID CABIN & HEADS
C99: =IF(ISTEXT(D99),MAX($C$10:C98)+1,"")
C100: =IF(ISTEXT(D100),MAX($C$10:C99)+1,"")
C101: =IF(ISTEXT(D101),MAX($C$10:C100)+1,"")
C102: =IF(ISTEXT(D102),MAX($C$10:C101)+1,"")
C103: =IF(ISTEXT(D103),MAX($C$10:C102)+1,"")
C104: =IF(ISTEXT(D104),MAX($C$10:C103)+1,"")
C105: =IF(ISTEXT(D105),MAX($C$10:C104)+1,"")
C106: =IF(ISTEXT(D106),MAX($C$10:C105)+1,"")
C107: =IF(ISTEXT(D107),MAX($C$10:C106)+1,"")
C108: =IF(ISTEXT(D108),MAX($C$10:C107)+1,"")
C109: =IF(ISTEXT(D109),MAX($C$10:C108)+1,"")
C110: =IF(ISTEXT(D110),MAX($C$10:C109)+1,"")
... C112: =IF(ISTEXT(D112),MAX($C$10:C111)+1,"")
D113: STBD FWD CABIN & HEADS
C114: =IF(ISTEXT(D114),MAX($C$10:C113)+1,"") -> 26 | D114: aircon finder relay missing blue clip | V114: ELEC
C115: =IF(ISTEXT(D114),MAX($C$10:C114)+1,"") -> 27 | D115: fresh water bleed has a missing end cap | V115: PLUM
B116: The Commissioning Engineer has to list all defects found on the boat after launch within 24hrs
B118: DATE: | K118: =$K$65 -> 45832
B120: COMMISSIONING ENGINEER: | K120: =$M$7 -> ARL. Van Veen | S120: SIGNATURE:
E123: 24. COMMISSIONING EXCEPTION SHEET | W123: PAGE 3 OF 5
J126: HULL NO: | M126: =M4 -> C1008
I127: CUST REF:
C129: RESPONSIBILITY: | M129: ARL. Van Veen
B131: COMMISSIONING DEFECTS | V131: TASK / JOB | W131: REPR BY (NAME) | X131: COMPL DT | Y131: T/L Sign | Z131: CE SIGN-OFF
C132: =IF(ISTEXT(D132),MAX($C$10:C131)+1,"") -> 28 | D132: aircon pump outlet clamps loose | V132: PLUM
C133: =IF(ISTEXT(D133),MAX($C$10:C132)+1,"") -> 29 | D133: aircon outlet piping badly layed | V133: PLUM
C134: =IF(ISTEXT(D134),MAX($C$10:C133)+1,"") -> 30 | D134: Toilet Seat Loose | V134: PLUM
C135: =IF(ISTEXT(D135),MAX($C$10:C134)+1,"") -> 31 | D135: Toilet Loose | V135: PLUM
C136: =IF(ISTEXT(D136),MAX($C$10:C135)+1,"") -> 32 | D136: no salt/fresh label for toilet | V136: PLUM
...

Sheet C1007
W1: PAGE 1 OF 5
J4: HULL NO: | M4: C1007
I5: CUST REF:
C7: RESPONSIBILITY: | M7: A. Labuschagne
B9: COMMISSIONING DEFECTS Launch Date : | V9: TASK / JOB | W9: REPR BY (NAME) | X9: COMPL DT | Y9: T/L Sign | Z9: CE SIGN-OFF | AC9: =COUNTIF(V:V,"DECK") -> 5
D10: SALOON
C11: 1 | D11: light wiring incorrect (all lights connected to cabin light breaker on acdc) | V11: ELEC
C12: =IF(ISTEXT(D12),MAX($C$10:C11)+1,"") -> 2 | D12: deck winches terminals not booted | V12: ELEC
C13: =IF(ISTEXT(D13),MAX($C$10:C12)+1,"") -> 3 | D13: protruding worm skrews on down lights | V13: ELEC
C14: =IF(ISTEXT(D14),MAX($C$10:C13)+1,"") -> 4 | D14: hob igniter is not working | V14: ELEC
C15: =IF(ISTEXT(D15),MAX($C$10:C14)+1,"") -> 5 | D15: main db breakers not labeled | V15: ELEC
C16: =IF(ISTEXT(D16),MAX($C$10:C15)+1,"") -> 6 | D16: stb aft aircon negative wiring incomplete at main db | V16: ELEC
C17: =IF(ISTEXT(D17),MAX($C$10:C16)+1,"") -> 7 | D17: incorrect ac wiring at main db | V17: ELEC
C18: =IF(ISTEXT(D18),MAX($C$10:C17)+1,"") -> 8 | D18: lynxx 2 terminal wires loose | V18: ELEC
C19: =IF(ISTEXT(D19),MAX($C$10:C18)+1,"") -> 9 | D19: lynxx 2 blue cover not fitted | V19: ELEC
C20: =IF(ISTEXT(D20),MAX($C$10:C19)+1,"") -> 10 | D20: lynxx 2 inspection has no finger cutout | V20: ELEC
C21: =IF(ISTEXT(D21),MAX($C$10:C20)+1,"") -> 11 | D21: incomplete loose wires at main db | V21: ELEC
C22: =IF(ISTEXT(D22),MAX($C$10:C21)+1,"") -> 12 | D22: house battery brace loose | V22: MECH
C23: =IF(ISTEXT(D23),MAX($C$10:C22)+1,"") -> 13 | D23: missing blade fuses at inverter relays in acdc | V23: ELEC
... C32: =IF(ISTEXT(D32),MAX($C$10:C31)+1,"") -> 22 | D32: loose ac outlet at tv bracket | V32: ELEC
C33: =IF(ISTEXT(D32),MAX($C$10:C32)+1,"") -> 23 | D33: carbon monoxide sensor not working | V33: ELEC
C34: =IF(ISTEXT(D34),MAX($C$10:C33)+1,"") -> 24 | D34: stb usb outlet not working | V34: ELEC
C35: =IF(ISTEXT(D35),MAX($C$10:C34)+1,"") -> 25 | D35: loose wires on minibus in ceiling | V35: ELEC
C36: =IF(ISTEXT(D36),MAX($C$10:C35)+1,"") -> 26 | D36: no grey raymic box for vhf mast connection | V36: ELEC
C37: =IF(ISTEXT(D37),MAX($C$10:C36)+1,"") -> 27 | D37: unterminated backbone in aft ceiling | V37: ELEC
C38: =IF(ISTEXT(D38),MAX($C$10:C37)+1,"") -> 28 | D38: ac cluster trips when all items are on on acdc | V38: ELEC
C39: =IF(ISTEXT(D39),MAX($C$10:C38)+1,"")
C40: =IF(ISTEXT(D40),MAX($C$10:C39)+1,"")
C41: =IF(ISTEXT(D41),MAX($C$10:C40)+1,"")
C42: =IF(ISTEXT(D42),MAX($C$10:C41)+1,"")
C43: =IF(ISTEXT(D43),MAX($C$10:C42)+1,"")
C44: =IF(ISTEXT(D44),MAX($C$10:C43)+1,"")
C45: =IF(ISTEXT(D45),MAX($C$10:C44)+1,"")
C46: =IF(ISTEXT(D46),MAX($C$10:C45)+1,"")
C47: =IF(ISTEXT(D47),MAX($C$10:C46)+1,"")
C48: =IF(ISTEXT(D48),MAX($C$10:C47)+1,"")
C49: =IF(ISTEXT(D49),MAX($C$10:C48)+1,"")
C50: =IF(ISTEXT(D50),MAX($C$10:C49)+1,"")
... C62: =IF(ISTEXT(D62),MAX($C$10:C61)+1,"")
B63: The Commissioning Engineer has to list all defects found on the boat after launch within 24hrs.
B65: DATE: | K65: =TODAY() -> 45832
B67: COMMISSIONING ENGINEER: | K67: A. Labuschagne | S67: SIGNATURE:
E69: 24. COMMISSIONING EXCEPTION SHEET | W69: Page 2 of 5
J72: HULL NO: | M72: =M4 -> C1007
I73: CUST REF:
C75: RESPONSIBILITY: | M75: A. Labuschagne
B77: COMMISSIONING DEFECTS | V77: TASK / JOB | W77: REPR BY (NAME) | X77: COMPL DT | Y77: T/L Sign | Z77: CE SIGN-OFF
D78: STBD AFT CABIN AND HEADS
C79: =IF(ISTEXT(D79),MAX($C$10:C78)+1,"") -> 29 | D79: Cabin Lights Not Working | V79: ELEC
C80: =IF(ISTEXT(D80),MAX($C$10:C79)+1,"") -> 30 | D80: steering pulley bolt not protuding | V80: MECH
C81: =IF(ISTEXT(D81),MAX($C$10:C80)+1,"") -> 31 | D81: aircon wiring incomplete | V81: ELEC
C82: =IF(ISTEXT(D82),MAX($C$10:C81)+1,"") -> 32 | D82: cut wirin in inboard inspection | V82: ELEC
C83: =IF(ISTEXT(D83),MAX($C$10:C82)+1,"") -> 33 | D83: aft light switch fitted upside down | V83: ELEC
C84: =IF(ISTEXT(D84),MAX($C$10:C83)+1,"") -> 34 | D84: leak on water heater temp control | V84: PLUM
C85: =IF(ISTEXT(D85),MAX($C$10:C84)+1,"") -> 35 | D85: incomplete wiring of reading lights | V85: ELEC
C86: =IF(ISTEXT(D86),MAX($C$10:C85)+1,"") -> 36 | D86: reading lights not working | V86: ELEC
C87: =IF(ISTEXT(D87),MAX($C$10:C86)+1,"") -> 37 | D87: Leak On Shower Plumbing | V87: PLUM
C88: =IF(ISTEXT(D88),MAX($C$10:C87)+1,"") -> 38 | D88: Toilet Fresh Water Solenoid Not Working | V88: ELEC
C89: =IF(ISTEXT(D89),MAX($C$10:C88)+1,"") -> 39 | D89: toilet salt water not working | V89: ELEC
C90: =IF(ISTEXT(D90),MAX($C$10:C89)+1,"") -> 40 | D90: water leaking from toilet bowl | V90: PLUM
... C96: =IF(ISTEXT(D96),MAX($C$10:C95)+1,"") -> 46 | D96: carbon monoxide sensor not working | V96: ELEC
C97: =IF(ISTEXT(D97),MAX($C$10:C96)+1,"")
D98: STBD MID CABIN & HEADS
C99: =IF(ISTEXT(D99),MAX($C$10:C98)+1,"") -> 47 | D99: carbon monoxide sensor not working | V99: ELEC
C100: =IF(ISTEXT(D100),MAX($C$10:C99)+1,"") -> 48 | D100: cabin light not working | V100: ELEC
C101: =IF(ISTEXT(D101),MAX($C$10:C100)+1,"") -> 49 | D101: reading lights not working | V101: ELEC
C102: =IF(ISTEXT(D102),MAX($C$10:C101)+1,"") -> 50 | D102: loose wires in inboard inspection | V102: ELEC
C103: =IF(ISTEXT(D103),MAX($C$10:C102)+1,"") -> 51 | D103: loose wires in bilge | V103: ELEC
C104: =IF(ISTEXT(D104),MAX($C$10:C103)+1,"") -> 52 | D104: heads light not working | V104: ELEC
C105: =IF(ISTEXT(D105),MAX($C$10:C104)+1,"") -> 53 | D105: loose wires on inboard db | V105: ELEC
C106: =IF(ISTEXT(D106),MAX($C$10:C105)+1,"") -> 54 | D106: unterminated wires on db | V106: ELEC
C107: =IF(ISTEXT(D107),MAX($C$10:C106)+1,"") -> 55 | D107: leak on waste tank | V107: PLUM
C108: =IF(ISTEXT(D108),MAX($C$10:C107)+1,"") -> 56 | D108: toilet salt water not working | V108: ELEC
C109: =IF(ISTEXT(D109),MAX($C$10:C108)+1,"") -> 57 | D109: Toilet Fresh Water Solenoid Not Working | V109: ELEC
C110: =IF(ISTEXT(D110),MAX($C$10:C109)+1,"") -> 58 | D110: ac outlet not fitted | V110: ELEC
C111: =IF(ISTEXT(D113),MAX($C$10:C110)+1,"") -> 59 | D111: Basin Mixer Loose | V111: PLUM
C112: =IF(ISTEXT(D111),MAX($C$10:C111)+1,"") -> 60 | D112: shower rose and mixer loose | V112: PLUM
D113: STBD FWD CABIN & HEADS
C114: =IF(ISTEXT(D113),MAX($C$10:C113)+1,"") -> 61 | D114: carbon monoxide sensor not working | V114: ELEC
C115: =IF(ISTEXT(D114),MAX($C$10:C114)+1,"") -> 62 | D115: cabin light not working | V115: ELEC
B116: The Commissioning Engineer has to list all defects found on the boat after launch within 24hrs
B118: DATE: | K118: =$K$65 -> 45832
B120: COMMISSIONING ENGINEER: | K120: A. Labuschagne | S120: SIGNATURE:
E123: 24. COMMISSIONING EXCEPTION SHEET | W123: PAGE 3 OF 5
J126: HULL NO: | M126: =M4 -> C1007
I127: CUST REF:
C129: RESPONSIBILITY: | M129: A. Labuschagne
B131: COMMISSIONING DEFECTS | V131: TASK / JOB | W131: REPR BY (NAME) | X131: COMPL DT | Y131: T/L Sign | Z131: CE SIGN-OFF
C132: 70 | D132: reading lights not working | V132: ELEC
C133: 71 | D133: loose wires in inboard inspection | V133: ELEC
C134: =IF(ISTEXT(D134),MAX($C$10:C133)+1,"") -> 72 | D134: loose wires in bilge | V134: ELEC
C135: =IF(ISTEXT(D135),MAX($C$10:C134)+1,"") -> 73 | D135: heads light not working | V135: ELEC
C136: =IF(ISTEXT(D136),MAX($C$10:C135)+1,"") -> 74 | D136: loose wires on inboard db | V136: ELEC
C137: =IF(ISTEXT(D137),MAX($C$10:C136)+1,"") -> 75 | D137: unterminated wires on db | V137: ELEC
C138: =IF(ISTEXT(D138),MAX($C$10:C137)+1,"") -> 76 | D138: leak on waste tank | V138: PLUM
C139: =IF(ISTEXT(D139),MAX($C$10:C138)+1,"") -> 77 | D139: toilet salt water not working | V139: ELEC
C140: =IF(ISTEXT(D140),MAX($C$10:C139)+1,"") -> 78 | D140: Toilet Fresh Water Solenoid Not Working | V140: ELEC
C141: =IF(ISTEXT(D141),MAX($C$10:C140)+1,"") -> 79 | D141: ac outlet not fitted | V141: ELEC
C142: =IF(ISTEXT(D142),MAX($C$10:C141)+1,"") -> 80 | D142: Basin Mixer Loose | V142: ELEC
C143: =IF(ISTEXT(D143),MAX($C$10:C142)+1,"") -> 81 | D143: shower rose and mixer loose | V143: PLUM
...

Sheet C1006
W1: PAGE 1 OF 5
J4: HULL NO: | M4: C1006
I5: CUST REF:
C7: RESPONSIBILITY: | M7: A. Labuschagne
B9: COMMISSIONING DEFECTS Launch Date : | V9: TASK / JOB | W9: REPR BY (NAME) | X9: COMPL DT | Y9: T/L Sign | Z9: CE SIGN-OFF
D10: SALOON
C11: 1 | D11: AR200 top plastic cover broken | V11: ELEC
C12: =IF(ISTEXT(D12),MAX($C$10:C11)+1,"") -> 2 | D12: TV mounting bracket loose | V12: DECK
C13: =IF(ISTEXT(D13),MAX($C$10:C12)+1,"") -> 3 | D13: feedback on fan breaker at ACDC | V13: ELEC
C14: =IF(ISTEXT(D14),MAX($C$10:C13)+1,"") -> 4 | D14: feedback on saloon breaker | V14: ELEC
C15: =IF(ISTEXT(D15),MAX($C$10:C14)+1,"") -> 5 | D15: saloon lights on when breaker is off | V15: ELEC
C16: =IF(ISTEXT(D16),MAX($C$10:C15)+1,"") -> 6 | D16: loose AC wiring behind ACDC | V16: ELEC
C17: =IF(ISTEXT(D17),MAX($C$10:C16)+1,"") -> 7 | D17: inverter alarm not working | V17: ELEC
C18: =IF(ISTEXT(D18),MAX($C$10:C17)+1,"") -> 8 | D18: loose wires at battery protect unit | V18: ELEC
C19: =IF(ISTEXT(D19),MAX($C$10:C18)+1,"") -> 9 | D19: poor crimps at battery protect unit | V19: ELEC
C20: =IF(ISTEXT(D20),MAX($C$10:C19)+1,"") -> 10 | D20: saloon and aft cockpit light switches cross wired | V20: ELEC
C21: =IF(ISTEXT(D21),MAX($C$10:C20)+1,"") -> 11 | D21: Loose Wires Behind Acdc | V21: ELEC
C22: =IF(ISTEXT(D22),MAX($C$10:C21)+1,"") -> 12 | D22: loose AC wiring behind ACDC | V22: ELEC
C23: =IF(ISTEXT(D23),MAX($C$10:C22)+1,"") -> 13 | D23: loose gnd bus connections on ac wiring of acdc | V23: ELEC
... C32: =IF(ISTEXT(D32),MAX($C$10:C31)+1,"") -> 22 | D32: no rail stopper on main DB in saloon | V32: ELEC
C33: =IF(ISTEXT(D32),MAX($C$10:C32)+1,"") -> 23 | D33: inverter not programmed | V33: ELEC
C34: =IF(ISTEXT(D34),MAX($C$10:C33)+1,"") -> 24 | D34: port engine battery not showing on yacht sense | V34: ELEC
C35: =IF(ISTEXT(D35),MAX($C$10:C34)+1,"") -> 25 | D35: feedback on dc breakers on ac dc | V35: ELEC
C36: =IF(ISTEXT(D36),MAX($C$10:C35)+1,"") -> 26 | D36: 2nd and 3rd ac clusters not working on acdc | V36: ELEC
C37: =IF(ISTEXT(D37),MAX($C$10:C36)+1,"") -> 27 | D37: genset water assist switching on at preheat | V37: ELEC
C38: =IF(ISTEXT(D38),MAX($C$10:C37)+1,"") -> 28 | D38: first ac cluster on acdc switches off when all aircons are switched on | V38: ELEC
C39: =IF(ISTEXT(D39),MAX($C$10:C38)+1,"") -> 29 | D39: loose screw on 2nd lynxx blue cover | V39: ELEC
C40: =IF(ISTEXT(D40),MAX($C$10:C39)+1,"") -> 30 | D40: missing bridges on main saloon DB | V40: ELEC
C41: =IF(ISTEXT(D41),MAX($C$10:C40)+1,"") -> 31 | D41: damaged red bridges in main DB in saloon | V41: ELEC
C42: =IF(ISTEXT(D42),MAX($C$10:C41)+1,"") -> 32 | D42: damaged manual bilge relay in main DB | V42: ELEC
C43: =IF(ISTEXT(D43),MAX($C$10:C42)+1,"") -> 33 | D43: saloon tap red/blue hot cold indicator installed skew | V43: PLUM
C44: =IF(ISTEXT(D44),MAX($C$10:C43)+1,"") -> 34 | D44: unterminated wire at main db in saloon | V44: ELEC
C45: =IF(ISTEXT(D45),MAX($C$10:C44)+1,"") -> 35 | D45: saloon tap weight installed wrong | V45: PLUM
... C52: =IF(ISTEXT(D52),MAX($C$10:C51)+1,"") -> 42 | D52: house bat isolator wires loose | V52: ELEC
C53: =IF(ISTEXT(D53),MAX($C$10:C52)+1,"")
C54: =IF(ISTEXT(D54),MAX($C$10:C53)+1,"")
C55: =IF(ISTEXT(D55),MAX($C$10:C54)+1,"")
C56: =IF(ISTEXT(D56),MAX($C$10:C55)+1,"")
C57: =IF(ISTEXT(D57),MAX($C$10:C56)+1,"")
C58: =IF(ISTEXT(D58),MAX($C$10:C57)+1,"")
C59: =IF(ISTEXT(D59),MAX($C$10:C58)+1,"")
C60: =IF(ISTEXT(D60),MAX($C$10:C59)+1,"")
C61: =IF(ISTEXT(D61),MAX($C$10:C60)+1,"")
C62: =IF(ISTEXT(D62),MAX($C$10:C61)+1,"")
B63: The Commissioning Engineer has to list all defects found on the boat after launch within 24hrs.
B65: DATE: | K65: =TODAY() -> 45832
B67: COMMISSIONING ENGINEER: | K67: A. Labuschagne | S67: SIGNATURE:
E69: 24. COMMISSIONING EXCEPTION SHEET | W69: Page 2 of 5
J72: HULL NO: | M72: =M4 -> C1006
I73: CUST REF:
C75: RESPONSIBILITY: | M75: A. Labuschagne
B77: COMMISSIONING DEFECTS | V77: TASK / JOB | W77: REPR BY (NAME) | X77: COMPL DT | Y77: T/L Sign | Z77: CE SIGN-OFF
D78: STBD AFT CABIN AND HEADS
C79: =IF(ISTEXT(D79),MAX($C$10:C78)+1,"") -> 43 | D79: cabin fan operating when breaker is off | V79: ELEC
C80: =IF(ISTEXT(D80),MAX($C$10:C79)+1,"") -> 44 | D80: steering pulley damaged | V80: MECH
C81: =IF(ISTEXT(D81),MAX($C$10:C80)+1,"") -> 45 | D81: aircon not working | V81: ELEC
C82: =IF(ISTEXT(D82),MAX($C$10:C81)+1,"") -> 46 | D82: cabin towel hanger loose | V82: FA
C83: =IF(ISTEXT(D83),MAX($C$10:C82)+1,"") -> 47 | D83: not enough thread protruding on steering pulley | V83: MECH
C84: =IF(ISTEXT(D84),MAX($C$10:C83)+1,"") -> 48 | D84: manual fire suppression wire loose | V84: MECH
C85: =IF(ISTEXT(D85),MAX($C$10:C84)+1,"") -> 49 | D85: heads door chaffing | V85: CARP
C86: =IF(ISTEXT(D86),MAX($C$10:C85)+1,"") -> 50 | D86: Toilet Loose | V86: PLUM
C87: =IF(ISTEXT(D87),MAX($C$10:C86)+1,"") -> 51 | D87: Toilet Seat Loose | V87: PLUM
C88: =IF(ISTEXT(D88),MAX($C$10:C87)+1,"") -> 52 | D88: heads bin locker loose | V88: CARP
C89: =IF(ISTEXT(D89),MAX($C$10:C88)+1,"") -> 53 | D89: poor crimps on wiring on stb aft inboard inspection | V89: ELEC
C90: =IF(ISTEXT(D90),MAX($C$10:C89)+1,"") -> 54 | D90: stb aft shower leak into bilge | V90: PLUM
... C92: =IF(ISTEXT(D92),MAX($C$10:C91)+1,"") -> 56 | D92: engine isolator wires loose | V92: ELEC
C93: =IF(ISTEXT(D93),MAX($C$10:C92)+1,"")
C94: =IF(ISTEXT(D94),MAX($C$10:C93)+1,"")
C95: =IF(ISTEXT(D95),MAX($C$10:C94)+1,"")
C96: =IF(ISTEXT(D96),MAX($C$10:C95)+1,"")
C97: =IF(ISTEXT(D97),MAX($C$10:C96)+1,"")
D98: STBD MID CABIN & HEADS
C99: =IF(ISTEXT(D99),MAX($C$10:C98)+1,"") -> 57 | D99: cut loom in stb mid cabin inboard inspection | V99: ELEC
C100: =IF(ISTEXT(D100),MAX($C$10:C99)+1,"") -> 58 | D100: ts4-17 & ts4-18 connections on stb mid inboard db has cut wires | V100: ELEC
C101: =IF(ISTEXT(D101),MAX($C$10:C100)+1,"") -> 59 | D101: stb mid heads extractor fan ducting not fitted | V101: FA
C102: =IF(ISTEXT(D102),MAX($C$10:C101)+1,"") -> 60 | D102: stb mid cabin carbon monoxide sensor loose | V102: FA
C103: =IF(ISTEXT(D103),MAX($C$10:C102)+1,"") -> 61 | D103: stb mid toilet loose | V103: PLUM
C104: =IF(ISTEXT(D104),MAX($C$10:C103)+1,"") -> 62 | D104: stb mid toilet seat loose | V104: PLUM
C105: =IF(ISTEXT(D105),MAX($C$10:C104)+1,"") -> 63 | D105: stb mid basin mixer hot water leaking | V105: PLUM
C106: =IF(ISTEXT(D106),MAX($C$10:C105)+1,"") -> 64 | D106: stb mid db has no stoppers on rails | V106: ELEC
C107: =IF(ISTEXT(D107),MAX($C$10:C106)+1,"") -> 65 | D107: stb mid shower rose leaking | V107: PLUM
C108: =IF(ISTEXT(D108),MAX($C$10:C107)+1,"") -> 66 | D108: stb water tank brace loose | V108: PLUM
C109: =IF(ISTEXT(D109),MAX($C$10:C108)+1,"") -> 67 | D109: stb mid waste tank indicator not wired | V109: ELEC
C110: =IF(ISTEXT(#REF!),MAX($C$10:C109)+1,"") | D110: STBD FWD CABIN & HEADS
C111: =IF(ISTEXT(D110),MAX($C$10:C110)+1,"") -> 68 | D111: stb fwd cabin towel hanger loose | V111: CARP
C112: =IF(ISTEXT(D111),MAX($C$10:C111)+1,"") -> 69 | D112: stb fwd heads basin mixer loose | V112: PLUM
C113: =IF(ISTEXT(D112),MAX($C$10:C112)+1,"") -> 70 | D113: stb fwd gas sniffer screw loose | V113: FA
C114: =IF(ISTEXT(D113),MAX($C$10:C113)+1,"") -> 71 | D114: ac outlet wiring not strapped at bunk head panel stb fwd | V114: ELEC
C115: =IF(ISTEXT(D114),MAX($C$10:C114)+1,"") -> 72 | D115: aircon pump not working stb fwd | V115: ELEC
C116: =IF(ISTEXT(D115),MAX($C$10:C115)+1,"") -> 73 | D116: stb fwd aircon giving fault | V116: ELEC
C117: =IF(ISTEXT(D116),MAX($C$10:C116)+1,"") -> 74 | D117: incorrect wiring for aircon unit at connector box | V117: ELEC
B118: The Commissioning Engineer has to list all defects found on the boat after launch within 24hrs
B120: DATE: | K120: =$K$65 -> 45832
B122: COMMISSIONING ENGINEER: | K122: A. Labuschagne | S122: SIGNATURE:
E125: 24. COMMISSIONING EXCEPTION SHEET | W125: PAGE 3 OF 5
J128: HULL NO: | M128: =M4 -> C1006
I129: CUST REF:
C131: RESPONSIBILITY: | M131: A. Labuschagne
B133: COMMISSIONING DEFECTS | V133: TASK / JOB | W133: REPR BY (NAME) | X133: COMPL DT | Y133: T/L Sign | Z133: CE SIGN-OFF
C134: 70 | D134: missing timer relay in stb fwd aircon box | V134: ELEC
...

Sheet C1005
E1: 24. COMMISSIONING EXCEPTION SHEET | W1: PAGE 1 OF 5
J4: HULL NO: | M4: C1005
I5: CUST REF:
C7: RESPONSIBILITY: | M7: A. Labuschagne
B9: COMMISSIONING DEFECTS Launch Date : | V9: TASK / JOB | W9: REPR BY (NAME) | X9: COMPL DT | Y9: T/L Sign | Z9: CE SIGN-OFF
D10: SALOON
C11: 1 | D11: Inverter not switching off at display | V11: ELEC
C12: =IF(ISTEXT(D12),MAX($C$10:C11)+1,"") -> 2 | D12: inverter switch not working | V12: ELEC
C13: =IF(ISTEXT(D13),MAX($C$10:C12)+1,"") -> 3 | D13: inverter not programmed on ACDC | V13: ELEC
C14: =IF(ISTEXT(D14),MAX($C$10:C13)+1,"") -> 4 | D14: inverter alarm not working | V14: ELEC
C15: =IF(ISTEXT(D15),MAX($C$10:C14)+1,"") -> 5 | D15: inverter alarm relays not fitted | V15: ELEC
C16: =IF(ISTEXT(D16),MAX($C$10:C15)+1,"") -> 6 | D16: watermaker not wired | V16: ELEC
C17: =IF(ISTEXT(D17),MAX($C$10:C16)+1,"") -> 7 | D17: touchlight in high voltage locker not working | V17: ELEC
C18: =IF(ISTEXT(D18),MAX($C$10:C17)+1,"") -> 8 | D18: loose wires behind ACDC | V18: ELEC
C19: =IF(ISTEXT(D19),MAX($C$10:C18)+1,"") -> 9 | D19: bilge override lights not working | V19: ELEC
C20: =IF(ISTEXT(D20),MAX($C$10:C19)+1,"") -> 10 | D20: prt high water not working | V20: ELEC
C21: =IF(ISTEXT(D21),MAX($C$10:C20)+1,"") -> 11 | D21: aircon pump not wired | V21: ELEC
C22: =IF(ISTEXT(D22),MAX($C$10:C21)+1,"") -> 12 | D22: GND wires behind ACDC are cut | V22: ELEC
C23: =IF(ISTEXT(D23),MAX($C$10:C22)+1,"") -> 13 | D23: Low water pressure at basin | V23: PLUM
... C44: =IF(ISTEXT(D44),MAX($C$10:C43)+1,"") -> 34 | D44: HOB fitted skew | V44: FA
D49: STBD AFT CABIN AND HEADS
C50: =IF(ISTEXT(D50),MAX($C$10:C49)+1,"") -> 35 | D50: aircon pump not wired | V50: ELEC
C51: =IF(ISTEXT(D51),MAX($C$10:C50)+1,"") -> 36 | D51: toilet salt/fresh water crossed | V51: ELEC
C52: =IF(ISTEXT(D52),MAX($C$10:C51)+1,"") -> 37 | D52: toilet fresh water solenoid not working | V52: ELEC
C53: =IF(ISTEXT(D53),MAX($C$10:C52)+1,"") -> 38 | D53: toilet hardup against wall | V53: PLUM
C54: =IF(ISTEXT(D54),MAX($C$10:C53)+1,"") -> 39 | D54: poor heat shrink on stb engine isolator switch | V54: ELEC
C55: =IF(ISTEXT(D55),MAX($C$10:C54)+1,"") -> 40 | D55: loose manual fire suppression wire | V55: ELEC
C56: =IF(ISTEXT(D56),MAX($C$10:C55)+1,"") -> 41 | D56: leak on stb water pressure pump plumbing | V56: PLUM
C57: =IF(ISTEXT(D57),MAX($C$10:C56)+1,"") -> 42 | D57: fridge compressor not mounted | V57: FA/PLUM
C58: =IF(ISTEXT(D58),MAX($C$10:C57)+1,"") -> 43 | D58: stb high water float alarm not working | V58: ELEC
C59: =IF(ISTEXT(D59),MAX($C$10:C58)+1,"") -> 44 | D59: fuel tank brace loose | V59: MECH
C60: =IF(ISTEXT(D60),MAX($C$10:C59)+1,"") -> 45 | D60: water tank brace loose | V60: PLUM
B63: The Commissioning Engineer has to list all defects found on the boat after launch within 24hrs.
B65: DATE: | K65: =TODAY() -> 45832
B67: COMMISSIONING ENGINEER: | K67: A. Labuschagne | S67: SIGNATURE:
E69: 24. COMMISSIONING EXCEPTION SHEET | W69: Page 2 of 5
J72: HULL NO: | M72: =M4 -> C1005
I73: CUST REF:
C75: RESPONSIBILITY: | M75: A. Labuschagne
B77: COMMISSIONING DEFECTS | V77: TASK / JOB | W77: REPR BY (NAME) | X77: COMPL DT | Y77: T/L Sign | Z77: CE SIGN-OFF
D83: STBD MID CABIN & HEADS
C84: =IF(ISTEXT(D84),MAX($C$10:C82)+1,"") -> 46 | D84: heads extractor fan not fitted | V84: FA/ELEC
C85: =IF(ISTEXT(D85),MAX($C$10:C84)+1,"") -> 47 | D85: heads extractor fan ducting incomplete | V85: FA/DECK
C86: =IF(ISTEXT(D86),MAX($C$10:C85)+1,"") -> 48 | D86: waste tank refill pipe leaking | V86: PLUM
C87: =IF(ISTEXT(D87),MAX($C$10:C86)+1,"") -> 49 | D87: waste water tank full indicator wire not strapped | V87: ELEC
C88: =IF(ISTEXT(D88),MAX($C$10:C87)+1,"") -> 50 | D88: toilet seat loose | V88: PLUM
C89: =IF(ISTEXT(D89),MAX($C$10:C88)+1,"") -> 51 | D89: house bat isolator switch missing a mounting skrew | V89: ELEC
C90: =IF(ISTEXT(D90),MAX($C$10:C89)+1,"") -> 52 | D90: poor crimp on heads strip light | V90: ELEC
C91: =IF(ISTEXT(D91),MAX($C$10:C90)+1,"") -> 53 | D91: missing fuse on stb mid inboard | V91: ELEC
C92: =IF(ISTEXT(D92),MAX($C$10:C91)+1,"") -> 54 | D92: stb mid basin loose | V92: PLUM
C93: =IF(ISTEXT(D93),MAX($C$10:C92)+1,"") -> 55 | D93: toilet salt/fresh water switch not working | V93: ELEC/PLUM
C94: =IF(ISTEXT(D94),MAX($C$10:C93)+1,"") -> 56 | D94: shower mixer pipe kinked | V94: PLUM
C96: =IF(ISTEXT(D96),MAX($C$10:C95)+1,"")
C97: =IF(ISTEXT(D97),MAX($C$10:C96)+1,"")
D102: STBD FWD CABIN & HEADS
C103: =IF(ISTEXT(D103),MAX($C$10:C102)+1,"") -> 57 | D103: aircon pump not wired | V103: ELEC/PLUM
C104: =IF(ISTEXT(D104),MAX($C$10:C103)+1,"") -> 58 | D104: AC outlet not wired up | V104: ELEC
C105: =IF(ISTEXT(D105),MAX($C$10:C104)+1,"") -> 59 | D105: gas locker sniffer not working | V105: ELEC
C106: =IF(ISTEXT(D106),MAX($C$10:C105)+1,"") -> 60 | D106: toilet loose | V106: PLUM
C107: =IF(ISTEXT(D107),MAX($C$10:C106)+1,"") -> 61 | D107: toilet seat loose | V107: PLUM
C108: =IF(ISTEXT(D108),MAX($C$10:C107)+1,"") -> 62 | D108: leak on top of waste water tank | V108: PLUM
C109: =IF(ISTEXT(D109),MAX($C$10:C108)+1,"") -> 63 | D109: toilet anti-syphen leaking | V109: PLUM
C110: =IF(ISTEXT(D110),MAX($C$10:C109)+1,"") -> 64 | D110: toilet fresh water solenoid not working | V110: PLUM/ELEC
C111: =IF(ISTEXT(D111),MAX($C$10:C110)+1,"") -> 65 | D111: toilet fresh/salt switch crossed | V111: ELEC
C112: =IF(ISTEXT(D112),MAX($C$10:C111)+1,"") -> 66 | D112: waste water tank full indicator not working | V112: ELEC
C114: =IF(ISTEXT(D114),MAX($C$10:C113)+1,"")
C115: =IF(ISTEXT(D115),MAX($C$10:C114)+1,"")
C116: =IF(ISTEXT(D116),MAX($C$10:C115)+1,"")
C117: =IF(ISTEXT(D117),MAX($C$10:C116)+1,"")
B118: The Commissioning Engineer has to list all defects found on the boat after launch within 24hrs
B120: DATE: | K120: =$K$65 -> 45832
B122: COMMISSIONING ENGINEER: | K122: A. Labuschagne | S122: SIGNATURE:
E125: 24. COMMISSIONING EXCEPTION SHEET | W125: PAGE 3 OF 5
J128: HULL NO: | M128: =M4 -> C1005
I129: CUST REF:
C131: RESPONSIBILITY: | M131: A. Labuschagne
B133: COMMISSIONING DEFECTS | V133: TASK / JOB | W133: REPR BY (NAME) | X133: COMPL DT | Y133: T/L Sign | Z133: CE SIGN-OFF
D134: PORT PASSAGE
C135: =IF(ISTEXT(D135),MAX($C$10:C134)+1,"") -> 67 | D135: waste tank full indicator not wired | V135: ELEC
C136: =IF(ISTEXT(D136),MAX($C$10:C135)+1,"") -> 68 | D136: watermaker breaker not installed in high voltage locker | V136: ELEC
C137: =IF(ISTEXT(D137),MAX($C$10:C136)+1,"") -> 69 | D137: water maker negative terminal not connected in high voltage locker | V137: ELEC
C138: =IF(ISTEXT(D138),MAX($C$10:C137)+1,"") -> 70 | D138: waste tank plumbing in bilge not strapped | V138: PLUM
C139: =IF(ISTEXT(D139),MAX($C$10:C138)+1,"")
C140: =IF(ISTEXT(D140),MAX($C$10:C139)+1,"")
C141: =IF(ISTEXT(D141),MAX($C$10:C140)+1,"")
D142: PORT AFT CABIN
C143: =IF(ISTEXT(D143),MAX($C$10:C142)+1,"") -> 71 | D143: aircon pump not wired | V143: ELEC
C144: =IF(ISTEXT(D144),MAX($C$10:C143)+1,"") -> 72 | D144: loose wires on fireboy black boxes | V144: ELEC
C145: =IF(ISTEXT(D145),MAX($C$10:C144)+1,"") -> 73 | D145: cabin strip light wires not terminated | V145: ELEC
C146: =IF(ISTEXT(D146),MAX($C$10:C145)+1,"") -> 74 | D146: Quattro bypass switch not mounted | V146: ELEC
C147: =IF(ISTEXT(D147),MAX($C$10:C146)+1,"") -> 75 | D147: yachtsense DB mounted skew | V147: ELEC
C148: =IF(ISTEXT(D148),MAX($C$10:C147)+1,"") -> 76 | D148: loose wires at inboard DB | V148: ELEC
C149: =IF(ISTEXT(D149),MAX($C$10:C148)+1,"") -> 77 | D149: aircon mounted loosely | V149: PLUM
C150: =IF(ISTEXT(D150),MAX($C$10:C149)+1,"") -> 78 | D150: fuel tank brace loose | V150: MECH
C151: =IF(ISTEXT(D151),MAX($C$10:C150)+1,"") -> 79 | D151: water tank brace loose | V151: PLUM
D154: PORT AFT HEADS
C155: =IF(ISTEXT(D155),MAX($C$10:C154)+1,"") -> 80 | D155: toilet hardup against wall | V155: PLUM
C156: =IF(ISTEXT(D156),MAX($C$10:C155)+1,"") -> 81 | D156: toilet fresh water not working | V156: PLUM
D158: PORT FWD CABIN
C159: =IF(ISTEXT(D159),MAX($C$10:C158)+1,"") -> 82 | D159: aircon pump not wired | V159: ELEC
...

Sheet C1004
E1: 24. COMMISSIONING EXCEPTION SHEET | W1: PAGE 1 OF 5
J4: HULL NO: | M4: C1004
I5: CUST REF:
C7: RESPONSIBILITY: | M7: A. Labuschagne
B9: COMMISSIONING DEFECTS Launch Date : | V9: TASK / JOB | W9: REPR BY (NAME) | X9: COMPL DT | Y9: T/L Sign | Z9: CE SIGN-OFF
D10: SALOON
C11: 1 | D11: Genset Isolator switch loose | V11: ELEC
C12: 2 | D12: Dc M2 display not working | V12: ELEC
C13: 3 | D13: AC M2 display not working | V13: ELEC
C14: 4 | D14: Genset starter harness not wired | V14: ELEC
C15: 5 | D15: Genset starter harness plug broken | V15: ELEC
C16: 6 | D16: Fresh water pump signals not showing/working | V16: ELEC
C17: 7 | D17: Incorrect wiring on fresh water pumps at DB board | V17: ELEC
C18: 8 | D18: High level alarm present while present over-ride button | V18: ELEC
C19: 9 | D19: Loose DC wires on panel board | V19: ELEC
C20: 10 | D20: Loose AC wires on panel board | V20: ELEC
C21: 11 | D21: No Relays fitted for inverter alarm | V21: ELEC
C22: 12 | D22: Inverter alarm not working | V22: ELEC
... C41: 31 | D41: Missing boots on lewmar winches | V41: ELEC
B48: The Commissioning Engineer has to list all defects found on the boat after launch within 24hrs.
B50: DATE:
B52: COMMISSIONING ENGINEER: | K52: A. Labuschagne | S52: SIGNATURE:
E55: 24. COMMISSIONING EXCEPTION SHEET | W55: Page 2 of 5
J58: HULL NO: | M58: =$M$4 -> C1004
I59: CUST REF:
C61: RESPONSIBILITY: | M61: A. Labuschagne
B63: COMMISSIONING DEFECTS | V63: TASK / JOB | W63: REPR BY (NAME) | X63: COMPL DT | Y63: T/L Sign | Z63: CE SIGN-OFF
D64: STBD AFT Cabin & Heads
C65: 32 | D65: Loose fridge compressor | V65: CARP/PLUM
C66: 33 | D66: Fire suppression cable loose | V66: MECH
C67: 34 | D67: Leak on water heater | V67: PLUM
C68: 35 | D68: lights not working | V68: ELEC
C69: 36 | D69: No wires puled through for lights | V69: ELEC
C70: 37 | D70: Heads lights switch/wiring wrong | V70: ELEC
C71: 38 | D71: Inboard reading light not working | V71: ELEC
C72: 39 | D72: Outboard reading light not working | V72: ELEC
C73: 40 | D73: Leak from shower into bilge | V73: PLUM
C74: 41 | D74: Toilet water supply not working, Salt and Fresh | V74: ELEC/PLUM
C75: 42 | D75: Leak on toilet plumbing | V75: PLUM
C76: 43 | D76: Basin mixer loose | V76: PLUM
D78: STBD MID-SHIPS | V78: PLUM
C79: 44 | D79: Poor airflow from air vent | V79: ELEC
C80: 45 | D80: poor crimps on outlets | V80: ELEC
C81: 46 | D81: Lights not working | V81: ELEC
C82: 47 | D82: No wires pulled through for lights | V82: ELEC
C83: 48 | D83: Leak from waste tank | V83: PLUM
C84: 49 | D84: Toilet water supply not working, Fresh and Salt | V84: ELEC/PLUM
C85: 50 | D85: Anti-syphon loops leaking | V85: PLUM
C86: 51 | D86: Basin mixer loose | V86: PLUM
C87: 52 | D87: Heads lights not working | V87: ELEC
C88: 53 | D88: Waste tank indicator not working | V88: ELEC
C89: 54 | D89: Incomplete wiring on inboard buss | V89: ELEC
C90: 55 | D90: Poor crimps on inboard Buss | V90: ELEC
D93: STBD FWD. CABIN & HEADS
C94: 56 | D94: Aircon nor wired up | V94: ELEC
C95: 57 | D95: Missing Relay for Aircon | V95: ELEC
C96: 58 | D96: Lights not working | V96: ELEC
C97: 59 | D97: wires not pulled through for lights | V97: ELEC
C98: 60 | D98: Heads Lights not working | V98: ELEC
C99: 61 | D99: Waste tank monitor not working | V99: ELEC
C100: 62 | D100: Toilet water supply not working, Salt and fresh | V100: ELEC/PLUM
C101: 63 | D101: Leak on toilet plumbing | V101: PLUM
B102: The Commissioning Engineer has to list all defects found on the boat after launch within 24hrs
B104: DATE:
B106: COMMISSIONING ENGINEER: | K106: A. Labuschagne | S106: SIGNATURE:
E109: 24. COMMISSIONING EXCEPTION SHEET | W109: PAGE 3 OF 5
J112: HULL NO: | M112: =$M$4 -> C1004
I113: CUST REF:
C115: RESPONSIBILITY: | M115: A. Labuschagne
B117: COMMISSIONING DEFECTS | V117: TASK / JOB | W117: REPR BY (NAME) | X117: COMPL DT | Y117: T/L Sign | Z117: CE SIGN-OFF
C118: 64 | D118: Basin mixer loose | V118: PLUM
C119: 65 | D119: Leak on Shower plumbing | V119: PLUM
D121: PRT FWD. CABIN
C122: 66 | D122: Aircon Loose | V122: PLUM
C123: 67 | D123: Ducting poorly fitted | V123: PLUM
C124: 68 | D124: Genset battery wiring incomplete | V124: ELEC
C125: 69 | D125: Broken distribution board covers | V125: ELEC
C126: 70 | D126: Missing RELAY for genset wiring | V126: ELEC
C127: 71 | D127: Genset raw water pump not working | V127: ELEC/MECH
C128: 72 | D128: Aircon wiring incomplete | V128: ELEC
C129: 73 | D129: Lights not working | V129: ELEC
C130: 74 | D130: No wiring pulled through for lights | V130: ELEC
C131: 75 | D131: Aft light stays on continuously | V131: ELEC
C132: 76 | D132: Touch light not working | V132: ELEC
C133: 77 | D133: Poor crimps on plug wiring | V133: ELEC
D135: PRT FWD. HEADS
C136: 78 | D136: Shower sump not working | V136: PLUM/ELEC
C137: 79 | D137: Toilet waste supply not working | V137: PLUM/ELEC
C138: 80 | D138: Basin mixer loose | V138: PLUM
C139: 81 | D139: Leak on toilet plumbing | V139: PLUM
C140: 82 | D140: Lights not working | V140: ELEC
D142: PRT PASSAGE AND STAIRS
C143: 83 | D143: Incomplete wiring on breaker box | V143: ELEC
C144: 84 | D144: Broken Ball valve | V144: PLUM/CE
C145: 85 | D145: Missing covers in HVL | V145: ELEC
C146: 86 | D146: Leak From shower pumps | V146: PLUM/CARP
C147: 87 | D147: Leak on water pressure pump plumbing | V147: PLUM
D149: PRT AFT HEADS
C150: 88 | D150: Toilet pumps not working | V150: ELEC/PLUM
C151: 80 | D151: Basin mixer loose | V151: PLUM
...

Sheet C1003
E1: 24. COMMISSIONING EXCEPTION SHEET | W1: PAGE 1 OF 5
J4: HULL NO: | M4: C1003
I5: CUST REF:
C7: RESPONSIBILITY: | M7: A. Labuschagne
B9: COMMISSIONING DEFECTS Launch Date : | V9: TASK / JOB | W9: REPR BY (NAME) | X9: COMPL DT | Y9: T/L Sign | Z9: CE SIGN-OFF
D10: SALOON
C11: 1 | D11: Down light switch cross wired
C12: =IF(ISTEXT(D12),MAX($C$10:C11)+1,"") -> 2 | D12: No labels of fridges on AC/DC panel
C13: =IF(ISTEXT(D13),MAX($C$10:C12)+1,"") -> 3 | D13: Down light grommet worm screws not flush
C14: =IF(ISTEXT(D14),MAX($C$10:C13)+1,"") -> 4 | D14: Yachtsense to be programmed
C15: =IF(ISTEXT(D15),MAX($C$10:C14)+1,"") -> 5 | D15: Missing stainless steel catch at AC/DC
C16: =IF(ISTEXT(D16),MAX($C$10:C15)+1,"") -> 6 | D16: Generator not giving power
C17: =IF(ISTEXT(D17),MAX($C$10:C16)+1,"") -> 7 | D17: Water pressure pump light not showing on AC/DC
C18: =IF(ISTEXT(D18),MAX($C$10:C17)+1,"") -> 8 | D18: Water pressure hot wired
C19: =IF(ISTEXT(D19),MAX($C$10:C18)+1,"") -> 9 | D19: HOB fitted skew
C20: =IF(ISTEXT(D20),MAX($C$10:C19)+1,"") -> 10 | D20: DB not mounted
C21: =IF(ISTEXT(D21),MAX($C$10:C20)+1,"") -> 11 | D21: Poor crimp on blue sea bus at DB compromised
C22: =IF(ISTEXT(D22),MAX($C$10:C21)+1,"") -> 12 | D22: Black wire to be terminated in DB
C23: =IF(ISTEXT(D23),MAX($C$10:C22)+1,"") -> 13 | D23: Poor heat shrink on AC wire in DB
... C33: =IF(ISTEXT(D33),MAX($C$10:C32)+1,"") -> 23 | D33: No network cable by MFD
C34: =IF(ISTEXT(D34),MAX($C$10:C33)+1,"")
C35: =IF(ISTEXT(D35),MAX($C$10:C34)+1,"")
C36: =IF(ISTEXT(D36),MAX($C$10:C35)+1,"")
D37: STBD AFT CABIN AND HEADS
C38: =IF(ISTEXT(D38),MAX($C$10:C37)+1,"") -> 24 | D38: Fan not connected
C39: =IF(ISTEXT(D41),MAX($C$10:C38)+1,"") -> 25 | D39: fridge compressor not secured
C40: =IF(ISTEXT(D42),MAX($C$10:C39)+1,"") -> 26 | D40: inboard reading light loose
C41: =IF(ISTEXT(D41),MAX($C$10:C40)+1,"") -> 27 | D41: manual suppression wire gromet loose
C42: =IF(ISTEXT(D42),MAX($C$10:C41)+1,"") -> 28 | D42: water heater not properly mounted
C43: =IF(ISTEXT(D43),MAX($C$10:C42)+1,"") -> 29 | D43: Fuel tank sensor wire loose
C44: =IF(ISTEXT(D44),MAX($C$10:C43)+1,"") -> 30 | D44: fuel pipes metal support loose
C45: =IF(ISTEXT(D45),MAX($C$10:C44)+1,"") -> 31 | D45: manual suppression wire nut loose
C46: =IF(ISTEXT(D46),MAX($C$10:C45)+1,"") -> 32 | D46: aft aircon loose
C47: =IF(ISTEXT(D47),MAX($C$10:C46)+1,"") -> 33 | D47: high level float not muting music
C48: =IF(ISTEXT(D48),MAX($C$10:C47)+1,"") -> 34 | D48: fridge drain not fitted properly
C49: =IF(ISTEXT(D49),MAX($C$10:C48)+1,"") -> 35 | D49: leak on shower plumbing
C50: =IF(ISTEXT(D50),MAX($C$10:C49)+1,"") -> 36 | D50: no terminator fitted in backbone in ceiling
C51: =IF(ISTEXT(D51),MAX($C$10:C50)+1,"") -> 37 | D51: basin mixer loose
C54: =IF(ISTEXT(#REF!),MAX($C$10:C53)+1,"") | D54: STBD MID CABIN & HEADS
C55: =IF(ISTEXT(D55),MAX($C$10:C54)+1,"") -> 38 | D55: basin mixer loose
C56: =IF(ISTEXT(D56),MAX($C$10:C55)+1,"") -> 39 | D56: Tank level sensor not connected
C57: =IF(ISTEXT(D57),MAX($C$10:C55)+1,"") -> 39 | D57: waste tank monitor not connected
C58: =IF(ISTEXT(D58),MAX($C$10:C57)+1,"") -> 40 | D58: leak on aft toilet anti-syphen
C59: =IF(ISTEXT(D59),MAX($C$10:C58)+1,"") -> 41 | D59: poor crimp on aft toilet solenoid
C60: =IF(ISTEXT(D60),MAX($C$10:C59)+1,"") -> 42 | D60: water tank brace loose
C61: =IF(ISTEXT(D61),MAX($C$10:C60)+1,"") -> 43 | D61: extraction fan not connected
B62: The Commissioning Engineer has to list all defects found on the boat after launch within 24hrs.
B64: DATE: | K64: =TODAY() -> 45832
B66: COMMISSIONING ENGINEER: | K66: A. Labuschagne | S66: SIGNATURE:
E69: 24. COMMISSIONING EXCEPTION SHEET | W69: Page 2 of 5
J72: HULL NO: | M72: =M4 -> C1003
I73: CUST REF:
C75: RESPONSIBILITY: | M75: A. Labuschagne
B77: COMMISSIONING DEFECTS | V77: TASK / JOB | W77: REPR BY (NAME) | X77: COMPL DT | Y77: T/L Sign | Z77: CE SIGN-OFF
D80: STBD FWD CABIN & HEADS
C81: =IF(ISTEXT(D81),MAX($C$10:C80)+1,"") -> 44 | D81: basin mixer loose
C82: =IF(ISTEXT(D82),MAX($C$10:C81)+1,"") -> 45 | D82: leak on hot water t-piece in bilge
C83: =IF(ISTEXT(D83),MAX($C$10:C82)+1,"") -> 46 | D83: leak on waste water tank
C84: =IF(ISTEXT(D84),MAX($C$10:C83)+1,"") -> 47 | D84: leak on shower mixer
C85: =IF(ISTEXT(D85),MAX($C$10:C84)+1,"") -> 48 | D85: toilet anti-syphen leaking
C86: =IF(ISTEXT(D86),MAX($C$10:C85)+1,"") -> 49 | D86: aircon not connected
C87: =IF(ISTEXT(D87),MAX($C$10:C86)+1,"") -> 50 | D87: aircon loose
C88: =IF(ISTEXT(D88),MAX($C$10:C87)+1,"")
C89: =IF(ISTEXT(D89),MAX($C$10:C88)+1,"")
D90: PORT FWD CABIN
C91: =IF(ISTEXT(D91),MAX($C$10:C90)+1,"") -> 51 | D91: Strip light wire visible
C92: =IF(ISTEXT(D92),MAX($C$10:C91)+1,"") -> 52 | D92: Strip light loose
C93: =IF(ISTEXT(D93),MAX($C$10:C92)+1,"") -> 53 | D93: Aircon loose
C94: =IF(ISTEXT(D94),MAX($C$10:C93)+1,"") -> 54 | D94: Pump backboard in bilge not properly secured
C95: =IF(ISTEXT(D95),MAX($C$10:C94)+1,"") -> 55 | D95: Poorly strapped wiring on genset exhaust outlet
C96: =IF(ISTEXT(D96),MAX($C$10:C95)+1,"") -> 56 | D96: Raw wire on aft strip light
C97: =IF(ISTEXT(D97),MAX($C$10:C96)+1,"") -> 57 | D97: Wires inboard on DB not terminated
C98: =IF(ISTEXT(D98),MAX($C$10:C97)+1,"") -> 58 | D98: Book shelf loose
C99: =IF(ISTEXT(D99),MAX($C$10:C98)+1,"") -> 59 | D99: Inboard reading light loose
C100: =IF(ISTEXT(D100),MAX($C$10:C99)+1,"") -> 60 | D100: Cabin towel hanger loose
C101: =IF(ISTEXT(D101),MAX($C$10:C100)+1,"") -> 61 | D101: Aircon does not have a drain
C102: =IF(ISTEXT(D102),MAX($C$10:C101)+1,"") -> 62 | D102: Aircon vent connection loose
... C104: =IF(ISTEXT(D104),MAX($C$10:C103)+1,"") -> 64 | D104: GFCI outlet to be mounted properly
C105: =IF(ISTEXT(D105),MAX($C$10:C104)+1,"")
C106: =IF(ISTEXT(D106),MAX($C$10:C105)+1,"")
C107: =IF(ISTEXT(D107),MAX($C$10:C106)+1,"")
D108: PORT FW HEADS
C109: =IF(ISTEXT(D109),MAX($C$10:C108)+1,"") -> 65 | D109: Sower sump not working
C110: =IF(ISTEXT(D110),MAX($C$10:C109)+1,"") -> 66 | D110: Toilet loose
C111: =IF(ISTEXT(D111),MAX($C$10:C110)+1,"") -> 67 | D111: Set port water pressure
C112: =IF(ISTEXT(D112),MAX($C$10:C111)+1,"") -> 68 | D112: Mount toilet switch
C113: =IF(ISTEXT(D113),MAX($C$10:C112)+1,"")
C114: =IF(ISTEXT(D114),MAX($C$10:C113)+1,"")
C115: =IF(ISTEXT(D115),MAX($C$10:C114)+1,"")
C116: =IF(ISTEXT(D116),MAX($C$10:C115)+1,"")
C117: =IF(ISTEXT(D117),MAX($C$10:C116)+1,"")
B118: The Commissioning Engineer has to list all defects found on the boat after launch within 24hrs
B120: DATE: | K120: =$K$64 -> 45832
B122: COMMISSIONING ENGINEER: | K122: A. Labuschagne | S122: SIGNATURE:
E125: 24. COMMISSIONING EXCEPTION SHEET | W125: PAGE 3 OF 5
J128: HULL NO: | M128: =M4 -> C1003
I129: CUST REF:
C131: RESPONSIBILITY: | M131: A. Labuschagne
B133: COMMISSIONING DEFECTS | V133: TASK / JOB | W133: REPR BY (NAME) | X133: COMPL DT | Y133: T/L Sign | Z133: CE SIGN-OFF
D134: PORT PASSAGE
...

Sheet Common_Defect_List
A1: Common Defect List | B1: Task Allocation | C1: Saloon | D1: Stbd Aft | E1: Stbd Mid | F1: Stbd Fwd | G1: Prt Aft | H1: Prt Passage | I1: Prt Fwd | J1: Aft Cockpit | K1: Prt Engine Room | L1: Stb Engine Room | M1: FWD COCKPIT, SIDE DECKS AND COACH ROOF | N1: Extras | R1: Area Allocation | S1: Task Allocation
A2: Leak On Basin Plumbing | B2: PLUM | C2: Yes | D2: Yes | E2: Yes | F2: Yes | G2: Yes | I2: Yes | R2: Yes | S2: PLUM
A3: Basin Mixer Loose | B3: PLUM | C3: Yes | D3: Yes | E3: Yes | F3: Yes | G3: Yes | I3: Yes | S3: ELEC
A4: Basin Cross Plumbed | B4: PLUM | C4: Yes | D4: Yes | E4: Yes | F4: Yes | G4: Yes | I4: Yes | S4: MECH
A5: Junction Box Not Labeled | B5: ELEC | C5: Yes | D5: Yes | E5: Yes | F5: Yes | G5: Yes | H5: Yes | I5: Yes | J5: Yes | K5: Yes | L5: Yes | M5: Yes | S5: FA
A6: Strip Lights Not Working | B6: ELEC | C6: Yes | D6: Yes | E6: Yes | F6: Yes | G6: Yes | H6: Yes | I6: Yes | J6: Yes | M6: Yes | S6: DECK
A7: Inverter Not Programmed On Acdc | B7: ELEC | C7: Yes | S7: CARP
A8: Inverter Alarm Not Working | B8: ELEC | C8: Yes
A9: Watermaker Not Wired | B9: ELEC | C9: Yes | I9: Yes
A10: Loose Wires Behind Acdc | B10: ELEC | C10: Yes
A11: Bilge Override Lights Not Working | B11: ELEC | C11: Yes
A12: Filter Tap Fitted Wrong (Too Tight) | B12: PLUM | C12: Yes
A13: Galley Fridge Not Working | B13: ELEC | C13: Yes
A14: Genset Isolator Switch Not Mounted | B14: CARP | C14: Yes
A15: 2X Amplifiers Not Fitted | B15: ELEC | C15: Yes
A16: Saloon Clear Plastic Db Cover Not Mounted | B16: FA | C16: Yes
A17: Table Top Not Installed | B17: CARP | C17: Yes
A18: Fire Blanket Not Fitted (Sf) | B18: CARP | C18: Yes
A19: House Batteries Not Booted | B19: ELEC | C19: Yes
A20: Mfd Not Showing Volts And Amps Of House Battery | B20: ELEC | C20: Yes | J20: Yes
A21: Co2 Sensor Not Mounted | B21: CARP | C21: Yes
A22: Autopilot Cross Wired | B22: ELEC | C22: Yes | J22: Yes
A23: Galley Fridge Compressor Loosely Mounted | B23: CARP | C23: Yes
A24: Saloon Tap Weight Mounted On Wrong Side Of Hose | B24: PLUM | C24: Yes
A25: Telly Mute Not Working | B25: ELEC | C25: Yes
A26: Nmma Label Needs To Be Mounted | B26: FA | C26: Yes
A27: Inverter Alarm Not Working | B27: ELEC | C27: Yes
A28: Aircon Switching On Wrong Pump | B28: ELEC | C28: Yes | D28: Yes | F28: Yes | G28: Yes | I28: Yes
A29: Incomplete Wiring Behind Acdc Panel | B29: ELEC | C29: Yes
A30: Incomplete Wiring At Main Saloon Db | B30: ELEC | C30: Yes
A31: Aircon Not Working | B31: ELEC | C31: Yes | D31: Yes | F31: Yes | G31: Yes | I31: Yes
A32: Saloon Door Needs To Be Set | B32: CARP | C32: Yes
A33: Aircon Not Draining | B33: PLUM | C33: Yes | D33: Yes | F33: Yes | G33: Yes | I33: Yes
A34: Incomplete Wiring On Db | B34: ELEC | C34: Yes | D34: Yes | G34: Yes | I34: Yes
A35: Speakers Not Working | B35: ELEC | C35: Yes | J35: Yes | M35: Yes
A36: Shower Mixer Loose | B36: PLUM | D36: Yes | E36: Yes | F36: Yes | G36: Yes | I36: Yes
A37: Swim Ladder Bolts Loose | B37: DECK | J37: Yes
A38: Ecu Not Labeled | B38: ELEC | K38: Yes | L38: Yes
A39: Topup Engine Fluids | B39: MECH | K39: Yes | L39: Yes
A40: Fuel Prefilter Pipe Clamps Loose | B40: MECH | K40: Yes | L40: Yes
A41: Expansion Tank Pipe Clamps Loose | B41: MECH | K41: Yes | L41: Yes
A42: Debree In Water Tank | B42: PLUM | D42: Yes | E42: Yes | G42: Yes
A43: Toilet Seat Loose | B43: PLUM | D43: Yes | E43: Yes | F43: Yes | G43: Yes | I43: Yes
A44: Water Tank Brace Loose | B44: MECH | D44: Yes | E44: Yes | G44: Yes
A45: Toilet Roll Holder Loose | B45: CARP | D45: Yes | E45: Yes | F45: Yes | G45: Yes | I45: Yes
A46: Shower Sump Not Working | B46: ELEC | D46: Yes | E46: Yes | F46: Yes | G46: Yes | I46: Yes
A47: Morse Control Splitpins Not Properly Bent Open | B47: MECH | K47: Yes | L47: Yes
A48: Loose L-Bracket On Starter Motor | B48: MECH | K48: Yes | L48: Yes
A49: Steering Cable Loose | B49: MECH | K49: Yes | L49: Yes
A50: Missing Labels At Filters Outboard | B50: MECH | K50: Yes | L50: Yes
A51: Missing Label On Battery | B51: MECH | K51: Yes | L51: Yes
A52: Shower Rose Leaking | B52: PLUM | D52: Yes | E52: Yes | F52: Yes | G52: Yes | I52: Yes
A53: Shower Mixer Leaking | B53: PLUM | D53: Yes | E53: Yes | F53: Yes | G53: Yes | I53: Yes
A54: Touch Light Not Working | B54: ELEC | I54: Yes | K54: Yes | L54: Yes | M54: Yes
A55: Waste Tank Leaking | B55: PLUM | D55: Yes | E55: Yes | F55: Yes | H55: Yes
A56: Leak On Toilet Plumbing | B56: PLUM | D56: Yes | E56: Yes | F56: Yes | G56: Yes | I56: Yes
A57: Davit Skew | B57: DECK | J57: Yes
A58: Fuel Tank Brace Loose | B58: MECH | D58: Yes | G58: Yes
A59: Fuel Clamps Loose At Bulkhead | B59: MECH | D59: Yes | G59: Yes | K59: Yes | L59: Yes
A60: Toilet Base Loose | B60: PLUM | D60: Yes | E60: Yes | F60: Yes | G60: Yes | I60: Yes
A61: High Level Float Not Working | B61: ELEC | D61: Yes | E61: Yes | H61: Yes
A62: Low Level Float Not Working | B62: ELEC | D62: Yes | E62: Yes | H62: Yes
A63: Engine Fuse Not Covered | B63: ELEC | K63: Yes | L63: Yes
A64: Morse Control Splitpins Not Properly Bent Open | B64: MECH | K64: Yes | L64: Yes
A65: Battery Link Not Working | B65: ELEC | J65: Yes | K65: Yes | L65: Yes
A66: Aircon Pump Not Working | B66: ELEC | F66: Yes | H66: Yes
A67: Toilet Anti-Syphen Leaking | B67: PLUM | D67: Yes | E67: Yes | F67: Yes | G67: Yes | I67: Yes
A68: Toilet Fresh Water Solenoid Not Working | B68: ELEC | D68: Yes | E68: Yes | F68: Yes | G68: Yes | I68: Yes
A69: Touchlight In High Voltage Locker Not Working | B69: ELEC | H69: Yes
A70: Waste Tank Indicator Not Working | B70: ELEC | D70: Yes | E70: Yes | F70: Yes | G70: Yes | I70: Yes
A71: Vhf Wire Not Pulled Through | B71: ELEC | J71: Yes
A72: Cabin Fan Not Working | B72: ELEC | D72: Yes | E72: Yes | F72: Yes | G72: Yes | I72: Yes
A73: Waste Tank Indicator Light Not Fitted | B73: ELEC | D73: Yes | E73: Yes | F73: Yes | G73: Yes | I73: Yes
A74: Missing Salt/Fresh Label At Toilet | B74: PLUM | D74: Yes | E74: Yes | F74: Yes | G74: Yes | I74: Yes
A75: Shower Leaking Into Bilge | B75: PLUM | D75: Yes | E75: Yes | F75: Yes | G75: Yes | H75: Yes | I75: Yes
A76: Toilet Salt/Fresh Is Cross Wired | B76: ELEC | D76: Yes | E76: Yes | F76: Yes | G76: Yes | I76: Yes
A77: Shower Head Leaking | B77: PLUM | D77: Yes | E77: Yes | F77: Yes | G77: Yes | I77: Yes
A78: Toilet Flush Defective | B78: PLUM | D78: Yes | E78: Yes | F78: Yes | G78: Yes | I78: Yes
A79: Incorrect Wiring On Finder Relay For Genset | B79: ELEC | I79: Yes
A80: Cabin Door Missing A Magnet Stopper | B80: CARP | D80: Yes | E80: Yes | F80: Yes | G80: Yes | I80: Yes
A81: Leak On Water Heater | B81: PLUM | D81: Yes | G81: Yes
A82: Toilet Flush Is Cross Wired | B82: ELEC | D82: Yes | E82: Yes | F82: Yes | G82: Yes | I82: Yes
A83: Aircon Pump Pipes Leaking | B83: PLUM | F83: Yes | H83: Yes
A84: Inverter Fans Not Working | B84: ELEC | H84: Yes
A85: Inverter Touch Light Not Working | B85: ELEC | H85: Yes
A86: Aircon Connection Box Not Labeled | B86: ELEC | F86: Yes | H86: Yes
A87: Aircon Box Incorrectly Wired | B87: ELEC | F87: Yes | H87: Yes
A88: Missing Timmer Module For Aircon Relays | B88: ELEC | F88: Yes | H88: Yes
A89: Hin Number Incorrect | B89: FA | J89: Yes
A90: Hin Number Sticker Not Fitted | B90: FA | J90: Yes
A91: Shore Power Label Not Fitted | B91: FA | J91: Yes
A92: R&C Decal Label / Dome Tag | B92: FA | J92: Yes
A93: Jammer Labels Not Fitted | B93: DECK | J93: Yes | M93: Yes
A94: Raymic Fitting Upside Down | B94: DECK | J94: Yes
A95: Battery Cover Not Fitted | B95: MECH | I95: Yes | K95: Yes | L95: Yes
A96: Ecu Not Labeled | B96: ELEC | K96: Yes | L96: Yes
A97: Loose Wire On Starter Solenoid | B97: ELEC | K97: Yes | L97: Yes
A98: Galvanic Isolator Wires Loose | B98: ELEC | K98: Yes
A99: Steering Bar Laying On Raw Fibre Glass | B99: MECH | K99: Yes | L99: Yes
A100: Alternator Negative Wire Not Connected | B100: ELEC | K100: Yes | L100: Yes
...

Sheet Breakdown of areas
A1: Saloon | B1: Stbd Aft | C1: Stbd Mid | D1: Stbd Fwd | E1: Prt Aft | F1: Prt Passage | G1: Prt Fwd | H1: Aft Cockpit | I1: Prt Engine Room | J1: Stb Engine Room | K1: FWD COCKPIT, SIDE DECKS AND COACH ROOF | L1: Extras
A2: {=_xlfn._xlws.FILTER(Common_Defect_List!A:A,Common_Defect_List!C:C="Yes")} -> Leak On Basin Plumbing | B2: {=_xlfn._xlws.FILTER(Common_Defect_List!A:A,Common_Defect_List!D:D="Yes")} -> Leak On Basin Plumbing | C2: {=_xlfn._xlws.FILTER(Common_Defect_List!A:A,Common_Defect_List!E:E="Yes")} -> Leak On Basin Plumbing | D2: {=_xlfn._xlws.FILTER(Common_Defect_List!A:A,Common_Defect_List!F:F="Yes")} -> Leak On Basin Plumbing | E2: {=_xlfn._xlws.FILTER(Common_Defect_List!A:A,Common_Defect_List!G:G="Yes")} -> Leak On Basin Plumbing | F2: {=_xlfn._xlws.FILTER(Common_Defect_List!A:A,Common_Defect_List!H:H ="Yes")} -> Junction Box Not Labeled | G2: {=_xlfn._xlws.FILTER(Common_Defect_List!A:A,Common_Defect_List!I:I="Yes")} -> Leak On Basin Plumbing | H2: {=_xlfn._xlws.FILTER(Common_Defect_List!A:A,Common_Defect_List!J:J="Yes")} -> Junction Box Not Labeled | I2: {=_xlfn._xlws.FILTER(Common_Defect_List!A:A,Common_Defect_List!K:K="Yes")} -> Junction Box Not Labeled | J2: {=_xlfn._xlws.FILTER(Common_Defect_List!A:A,Common_Defect_List!L:L="Yes")} -> Junction Box Not Labeled | K2: {=_xlfn._xlws.FILTER(Common_Defect_List!A:A,Common_Defect_List!M:M="Yes")} -> Junction Box Not Labeled | L2: {=_xlfn._xlws.FILTER(Common_Defect_List!A:A,Common_Defect_List!N:N="Yes")} -> Aircon Display Covers (Sf)
A3: Basin Mixer Loose | B3: Basin Mixer Loose | C3: Basin Mixer Loose | D3: Basin Mixer Loose | E3: Basin Mixer Loose | F3: Strip Lights Not Working | G3: Basin Mixer Loose | H3: Strip Lights Not Working | I3: Ecu Not Labeled | J3: Ecu Not Labeled | K3: Strip Lights Not Working | L3: All Fire Extinguishers To Be Installed (Sf)
A4: Basin Cross Plumbed | B4: Basin Cross Plumbed | C4: Basin Cross Plumbed | D4: Basin Cross Plumbed | E4: Basin Cross Plumbed | F4: Waste Tank Leaking | G4: Basin Cross Plumbed | H4: Mfd Not Showing Volts And Amps Of House Battery | I4: Topup Engine Fluids | J4: Topup Engine Fluids | K4: Speakers Not Working
A5: Junction Box Not Labeled | B5: Junction Box Not Labeled | C5: Junction Box Not Labeled | D5: Junction Box Not Labeled | E5: Junction Box Not Labeled | F5: High Level Float Not Working | G5: Junction Box Not Labeled | H5: Autopilot Cross Wired | I5: Fuel Prefilter Pipe Clamps Loose | J5: Fuel Prefilter Pipe Clamps Loose | K5: Touch Light Not Working
A6: Strip Lights Not Working | B6: Strip Lights Not Working | C6: Strip Lights Not Working | D6: Strip Lights Not Working | E6: Strip Lights Not Working | F6: Low Level Float Not Working | G6: Strip Lights Not Working | H6: Speakers Not Working | I6: Expansion Tank Pipe Clamps Loose | J6: Expansion Tank Pipe Clamps Loose | K6: Jammer Labels Not Fitted
A7: Inverter Not Programmed On Acdc | B7: Aircon Switching On Wrong Pump | C7: Shower Mixer Loose | D7: Aircon Switching On Wrong Pump | E7: Aircon Switching On Wrong Pump | F7: Aircon Pump Not Working | G7: Watermaker Not Wired | H7: Swim Ladder Bolts Loose | I7: Morse Control Splitpins Not Properly Bent Open | J7: Morse Control Splitpins Not Properly Bent Open | K7: Pulleys And Rope Painter Needs To Be Installed
A8: Inverter Alarm Not Working | B8: Aircon Not Working | C8: Debree In Water Tank | D8: Aircon Not Working | E8: Aircon Not Working | F8: Touchlight In High Voltage Locker Not Working | G8: Aircon Switching On Wrong Pump | H8: Davit Skew | I8: Loose L-Bracket On Starter Motor | J8: Loose L-Bracket On Starter Motor | K8: Boom Labels Needs To Be Fitted
A9: Watermaker Not Wired | B9: Aircon Not Draining | C9: Toilet Seat Loose | D9: Aircon Not Draining | E9: Aircon Not Draining | F9: Shower Leaking Into Bilge | G9: Aircon Not Working | H9: Battery Link Not Working | I9: Steering Cable Loose | J9: Steering Cable Loose | K9: Oven Gas Shutoff Label Not Fitted
A10: Loose Wires Behind Acdc | B10: Incomplete Wiring On Db | C10: Water Tank Brace Loose | D10: Shower Mixer Loose | E10: Incomplete Wiring On Db | F10: Aircon Pump Pipes Leaking | G10: Aircon Not Draining | H10: Vhf Wire Not Pulled Through | I10: Missing Labels At Filters Outboard | J10: Missing Labels At Filters Outboard | K10: Genset Breaker Not Labeled
A11: Bilge Override Lights Not Working | B11: Shower Mixer Loose | C11: Toilet Roll Holder Loose | D11: Toilet Seat Loose | E11: Shower Mixer Loose | F11: Inverter Fans Not Working | G11: Incomplete Wiring On Db | H11: Hin Number Incorrect | I11: Missing Label On Battery | J11: Missing Label On Battery | K11: Gas Solenoid Not Wired
A12: Filter Tap Fitted Wrong (Too Tight) | B12: Debree In Water Tank | C12: Shower Sump Not Working | D12: Toilet Roll Holder Loose | E12: Debree In Water Tank | F12: Inverter Touch Light Not Working | G12: Shower Mixer Loose | H12: Hin Number Sticker Not Fitted | I12: Touch Light Not Working | J12: Touch Light Not Working
A13: Galley Fridge Not Working | B13: Toilet Seat Loose | C13: Shower Rose Leaking | D13: Shower Sump Not Working | E13: Toilet Seat Loose | F13: Aircon Connection Box Not Labeled | G13: Toilet Seat Loose | H13: Shore Power Label Not Fitted | I13: Fuel Clamps Loose At Bulkhead | J13: Fuel Clamps Loose At Bulkhead
A14: Genset Isolator Switch Not Mounted | B14: Water Tank Brace Loose | C14: Shower Mixer Leaking | D14: Shower Rose Leaking | E14: Water Tank Brace Loose | F14: Aircon Box Incorrectly Wired | G14: Toilet Roll Holder Loose | H14: R&C Decal Label / Dome Tag | I14: Engine Fuse Not Covered | J14: Engine Fuse Not Covered
A15: 2X Amplifiers Not Fitted | B15: Toilet Roll Holder Loose | C15: Waste Tank Leaking | D15: Shower Mixer Leaking | E15: Toilet Roll Holder Loose | F15: Missing Timmer Module For Aircon Relays | G15: Shower Sump Not Working | H15: Jammer Labels Not Fitted | I15: Morse Control Splitpins Not Properly Bent Open | J15: Morse Control Splitpins Not Properly Bent Open
A16: Saloon Clear Plastic Db Cover Not Mounted | B16: Shower Sump Not Working | C16: Leak On Toilet Plumbing | D16: Waste Tank Leaking | E16: Shower Sump Not Working | G16: Shower Rose Leaking | H16: Raymic Fitting Upside Down | I16: Battery Link Not Working | J16: Battery Link Not Working
A17: Table Top Not Installed | B17: Shower Rose Leaking | C17: Toilet Base Loose | D17: Leak On Toilet Plumbing | E17: Shower Rose Leaking | G17: Shower Mixer Leaking | H17: Engine Revs Do Not Align | I17: Battery Cover Not Fitted | J17: Battery Cover Not Fitted
A18: Fire Blanket Not Fitted (Sf) | B18: Shower Mixer Leaking | C18: High Level Float Not Working | D18: Toilet Base Loose | E18: Shower Mixer Leaking | G18: Touch Light Not Working | H18: No Teak Steps To Coach Roof Fitted | I18: Ecu Not Labeled | J18: Ecu Not Labeled
A19: House Batteries Not Booted | B19: Waste Tank Leaking | C19: Low Level Float Not Working | D19: Aircon Pump Not Working | E19: Leak On Toilet Plumbing | G19: Leak On Toilet Plumbing | H19: Mfd Needs To Be Updated | I19: Loose Wire On Starter Solenoid | J19: Loose Wire On Starter Solenoid
A20: Mfd Not Showing Volts And Amps Of House Battery | B20: Leak On Toilet Plumbing | C20: Toilet Anti-Syphen Leaking | D20: Toilet Anti-Syphen Leaking | E20: Fuel Tank Brace Loose | G20: Toilet Base Loose | I20: Galvanic Isolator Wires Loose | J20: Steering Bar Laying On Raw Fibre Glass
A21: Co2 Sensor Not Mounted | B21: Fuel Tank Brace Loose | C21: Toilet Fresh Water Solenoid Not Working | D21: Toilet Fresh Water Solenoid Not Working | E21: Fuel Clamps Loose At Bulkhead | G21: Toilet Anti-Syphen Leaking | I21: Steering Bar Laying On Raw Fibre Glass | J21: Alternator Negative Wire Not Connected
A22: Autopilot Cross Wired | B22: Fuel Clamps Loose At Bulkhead | C22: Waste Tank Indicator Not Working | D22: Waste Tank Indicator Not Working | E22: Toilet Base Loose | G22: Toilet Fresh Water Solenoid Not Working | I22: Alternator Negative Wire Not Connected | J22: Morse Control Cables Are Badly Routed
A23: Galley Fridge Compressor Loosely Mounted | B23: Toilet Base Loose | C23: Cabin Fan Not Working | D23: Cabin Fan Not Working | E23: Toilet Anti-Syphen Leaking | G23: Waste Tank Indicator Not Working | I23: Morse Control Cables Are Badly Routed | J23: Engine Harness Not Strapped Up
A24: Saloon Tap Weight Mounted On Wrong Side Of Hose | B24: High Level Float Not Working | C24: Waste Tank Indicator Light Not Fitted | D24: Waste Tank Indicator Light Not Fitted | E24: Toilet Fresh Water Solenoid Not Working | G24: Cabin Fan Not Working | I24: Shore Power Breakers Not Labeled And No Rail Stopper | J24: Engine Revs Do Not Align
A25: Telly Mute Not Working | B25: Low Level Float Not Working | C25: Missing Salt/Fresh Label At Toilet | D25: Missing Salt/Fresh Label At Toilet | E25: Waste Tank Indicator Not Working | G25: Waste Tank Indicator Light Not Fitted | I25: Engine Harness Not Strapped Up
A26: Nmma Label Needs To Be Mounted | B26: Toilet Anti-Syphen Leaking | C26: Shower Leaking Into Bilge | D26: Shower Leaking Into Bilge | E26: Cabin Fan Not Working | G26: Missing Salt/Fresh Label At Toilet | I26: Engine Revs Do Not Align
A27: Inverter Alarm Not Working | B27: Toilet Fresh Water Solenoid Not Working | C27: Toilet Salt/Fresh Is Cross Wired | D27: Toilet Salt/Fresh Is Cross Wired | E27: Waste Tank Indicator Light Not Fitted | G27: Shower Leaking Into Bilge
A28: Aircon Switching On Wrong Pump | B28: Waste Tank Indicator Not Working | C28: Shower Head Leaking | D28: Shower Head Leaking | E28: Missing Salt/Fresh Label At Toilet | G28: Toilet Salt/Fresh Is Cross Wired
A29: Incomplete Wiring Behind Acdc Panel | B29: Cabin Fan Not Working | C29: Toilet Flush Defective | D29: Toilet Flush Defective | E29: Shower Leaking Into Bilge | G29: Shower Head Leaking
A30: Incomplete Wiring At Main Saloon Db | B30: Waste Tank Indicator Light Not Fitted | C30: Cabin Door Missing A Magnet Stopper | D30: Cabin Door Missing A Magnet Stopper | E30: Toilet Salt/Fresh Is Cross Wired | G30: Toilet Flush Defective
A31: Aircon Not Working | B31: Missing Salt/Fresh Label At Toilet | C31: Toilet Flush Is Cross Wired | D31: Toilet Flush Is Cross Wired | E31: Shower Head Leaking | G31: Incorrect Wiring On Finder Relay For Genset
A32: Saloon Door Needs To Be Set | B32: Shower Leaking Into Bilge | D32: Aircon Pump Pipes Leaking | E32: Toilet Flush Defective | G32: Cabin Door Missing A Magnet Stopper
A33: Aircon Not Draining | B33: Toilet Salt/Fresh Is Cross Wired | D33: Aircon Connection Box Not Labeled | E33: Cabin Door Missing A Magnet Stopper | G33: Toilet Flush Is Cross Wired
A34: Incomplete Wiring On Db | B34: Shower Head Leaking | D34: Aircon Box Incorrectly Wired | E34: Leak On Water Heater | G34: Battery Cover Not Fitted
A35: Speakers Not Working | B35: Toilet Flush Defective | D35: Missing Timmer Module For Aircon Relays | E35: Toilet Flush Is Cross Wired
B36: Cabin Door Missing A Magnet Stopper
B37: Leak On Water Heater
B38: Toilet Flush Is Cross Wired
B39: Morse Control Cables Are Badly Routed
